Actual,Predicted
52.0,54.499313
45.0,52.522423
45.0,46.878296
53.0,47.070053
53.0,56.263317
62.0,55.31453
62.0,61.870052
59.0,60.733063
59.0,55.642685
83.0,57.175655
83.0,83.745125
97.0,80.98375
97.0,95.78566
94.0,93.50771
94.0,90.28955
79.0,90.016396
79.0,74.46823
64.0,76.22157
64.0,61.90965
60.0,63.191525
60.0,60.954597
61.0,61.441486
61.0,63.163853
57.0,63.798077
57.0,59.43121
59.0,60.935795
59.0,62.862595
45.0,63.361237
45.0,46.321175
43.0,48.543365
43.0,46.067413
55.0,46.973713
55.0,57.18231
55.0,56.189095
55.0,54.70148
58.0,54.422268
58.0,58.254078
59.0,57.88342
59.0,58.99418
60.0,58.994244
60.0,59.925354
57.0,59.50353
57.0,55.474304
56.0,56.612732
56.0,58.860813
53.0,56.313286
53.0,54.07636
53.0,53.349422
53.0,53.569614
53.0,53.339127
53.0,53.125103
57.0,53.454254
57.0,59.489483
64.0,58.454258
64.0,64.32739
72.0,64.22984
72.0,72.61518
63.0,72.54061
63.0,61.301567
62.0,62.45302
62.0,61.867046
62.0,62.51917
62.0,63.08566
55.0,63.39435
55.0,56.230106
68.0,57.019123
68.0,72.12807
57.0,70.780205
57.0,58.27826
54.0,59.46089
54.0,57.0688
55.0,57.414825
55.0,58.341885
53.0,58.89242
53.0,56.424812
46.0,56.685966
46.0,48.275986
52.0,49.405025
52.0,55.77064
49.0,55.060593
49.0,48.799564
56.0,48.818996
56.0,56.032265
53.0,54.999565
53.0,51.932564
50.0,52.24898
50.0,49.39132
53.0,49.64701
53.0,53.734455
50.0,54.05944
50.0,51.25758
50.0,52.03491
50.0,50.54058
54.0,49.74708
54.0,55.765137
56.0,53.83417
56.0,55.89031
63.0,54.357357
63.0,61.95316
64.0,60.464005
64.0,63.201214
62.0,61.997337
62.0,60.489048
69.0,60.81496
69.0,67.4897
63.0,68.45467
63.0,62.430626
62.0,64.88584
62.0,63.789455
86.0,63.701485
86.0,89.21686
91.0,87.20639
91.0,91.36728
87.0,90.71321
87.0,86.17151
94.0,86.238205
94.0,94.8321
90.0,93.51199
90.0,89.685974
87.0,89.5911
87.0,87.73365
79.0,88.33906
79.0,79.72112
69.0,80.942345
69.0,69.95692
76.0,71.39225
76.0,78.85485
77.0,78.51507
77.0,77.67302
66.0,77.99554
66.0,64.13686
66.0,65.68
66.0,65.44371
66.0,65.78292
66.0,65.56629
62.0,65.634254
62.0,62.67349
61.0,62.574306
61.0,61.936134
56.0,61.45939
56.0,55.432953
52.0,55.798
52.0,51.646126
51.0,51.951996
51.0,50.92042
46.0,50.06137
46.0,46.18649
58.0,46.09804
58.0,62.094955
60.0,60.546917
60.0,60.966278
70.0,60.454895
70.0,69.82519
77.0,69.68278
77.0,76.36191
100.0,76.480316
100.0,101.040764
105.0,97.89043
105.0,102.74541
85.0,101.791016
85.0,80.200836
75.0,81.99962
75.0,73.31889
72.0,74.17316
72.0,72.346855
73.0,72.37686
73.0,73.98685
68.0,74.224815
68.0,68.64952
59.0,69.89035
59.0,60.739822
57.0,62.08536
57.0,59.89155
57.0,60.76289
57.0,59.552353
52.0,60.276363
52.0,51.419827
55.0,52.596027
55.0,54.99734
54.0,55.072025
54.0,54.51228
51.0,54.208538
51.0,50.81088
51.0,50.968742
51.0,52.09784
42.0,52.387768
42.0,42.43932
38.0,43.322
38.0,38.579082
50.0,39.047935
50.0,51.69198
57.0,50.39746
57.0,60.049095
60.0,57.30112
60.0,62.58848
70.0,61.830376
70.0,72.310585
75.0,70.42576
75.0,75.07233
77.0,74.95906
77.0,75.00517
75.0,75.707985
75.0,73.62504
61.0,73.76072
61.0,59.219433
67.0,60.48114
67.0,69.13581
60.0,68.5436
60.0,60.84859
63.0,61.92215
63.0,65.29597
62.0,65.40071
62.0,63.91989
58.0,64.475876
58.0,59.873154
56.0,60.12495
56.0,58.493668
55.0,59.0036
55.0,57.93471
55.0,58.44739
55.0,58.00065
60.0,58.386047
60.0,62.921616
56.0,62.454353
56.0,55.42895
56.0,56.1184
56.0,56.302567
52.0,56.4282
52.0,51.836678
45.0,51.738945
45.0,44.021755
52.0,44.992302
52.0,55.000866
53.0,54.51918
53.0,55.34429
57.0,54.769234
57.0,58.486687
57.0,57.99077
57.0,57.939274
54.0,57.953804
54.0,52.611794
53.0,51.791798
53.0,53.17201
53.0,53.50241
53.0,55.568645
52.0,54.033947
52.0,53.38548
60.0,52.819065
60.0,61.848167
52.0,61.882523
52.0,51.988735
52.0,53.583282
52.0,53.507458
55.0,54.056927
55.0,57.376278
53.0,57.797726
53.0,55.456734
59.0,55.933937
59.0,62.435135
54.0,62.019726
54.0,55.84614
60.0,56.324898
60.0,63.65606
38.0,62.894623
38.0,38.62992
48.000004,41.170834
48.000004,53.93795
43.0,52.784126
43.0,46.91868
44.0,48.269485
44.0,48.41622
45.0,48.519447
45.0,47.802414
48.000004,48.65441
48.000004,50.06731
52.0,50.12312
52.0,54.124657
51.0,53.775852
51.0,52.12822
52.0,52.418846
52.0,54.37309
51.0,54.130512
51.0,53.315773
51.0,52.286488
51.0,52.511898
50.0,51.33162
50.0,50.51242
47.0,49.53068
47.0,46.333035
51.0,45.695797
51.0,51.739166
62.0,51.083004
62.0,62.752945
66.0,61.287914
66.0,65.69514
61.0,64.98913
61.0,59.483692
53.0,59.426685
53.0,51.293636
53.0,52.344433
53.0,53.502308
50.0,53.834938
50.0,51.398964
56.0,52.189236
56.0,59.261627
61.0,59.468227
61.0,64.01106
49.0,64.28454
49.0,50.090225
53.0,51.47882
53.0,56.0747
48.000004,55.76214
48.000004,50.50858
43.0,51.18463
43.0,46.50695
42.0,46.748714
42.0,45.102245
33.0,45.54597
33.0,34.90116
35.0,36.002983
35.0,37.78821
34.0,38.045437
34.0,35.913204
40.0,36.649147
40.0,41.903984
51.0,41.661865
51.0,52.395897
59.0,52.02206
59.0,60.78617
57.0,59.11141
57.0,56.663242
56.0,55.211246
56.0,54.767128
58.0,54.089123
58.0,58.592293
58.0,57.763493
58.0,56.545143
58.0,55.68181
58.0,56.506775
63.0,57.08124
63.0,64.13625
66.0,62.636982
66.0,65.96708
68.0,64.04522
68.0,67.519646
74.0,67.7287
74.0,74.485954
78.0,74.68404
78.0,77.834435
69.0,78.22571
69.0,67.55156
65.0,69.053635
65.0,65.33646
63.0,66.02525
63.0,64.06266
59.0,64.34939
59.0,60.727474
63.0,61.134354
63.0,66.03528
62.0,65.89999
62.0,64.46805
56.0,64.932434
56.0,58.325035
60.0,59.158302
60.0,62.98842
57.0,62.991333
57.0,58.160572
56.0,58.47781
56.0,55.77926
61.0,55.84658
61.0,61.894478
66.0,61.298542
66.0,66.53418
67.0,65.65673
67.0,65.89071
74.0,66.637215
74.0,73.94305
67.0,73.453896
67.0,64.41691
64.0,65.019966
64.0,64.20442
54.0,64.11706
54.0,54.20736
63.0,53.92096
63.0,62.320534
65.0,60.52427
65.0,64.96661
60.0,65.09009
60.0,61.470455
62.0,60.211143
62.0,63.15856
60.0,62.825256
60.0,59.95214
57.0,61.507427
57.0,57.67008
66.0,58.97907
66.0,67.85771
70.0,67.09147
70.0,71.03537
74.0,70.51108
74.0,74.867874
68.0,74.28314
68.0,67.48756
69.0,68.17672
69.0,69.89
64.0,69.39462
64.0,64.41914
64.0,64.9546
64.0,65.89727
59.0,65.920044
59.0,60.780117
57.0,62.012074
57.0,59.061577
54.0,59.732452
54.0,55.44287
59.0,56.010654
59.0,59.934116
56.0,59.62986
56.0,57.12535
67.0,57.93531
67.0,70.43857
65.0,69.18447
65.0,65.69272
62.0,66.740326
62.0,63.082653
71.0,63.88545
71.0,72.00537
76.0,71.246216
76.0,76.879326
62.0,75.07918
62.0,60.36931
61.0,59.692646
61.0,60.66942
61.0,58.872547
61.0,61.154366
63.0,60.428432
63.0,62.162918
66.0,62.770134
66.0,65.99995
64.0,66.86421
64.0,63.004173
67.0,62.86053
67.0,67.254944
66.0,67.330246
66.0,66.24406
60.0,66.15097
60.0,60.20508
69.0,61.31744
69.0,71.59392
65.0,71.222786
65.0,65.839226
60.0,66.54247
60.0,61.3876
60.0,61.927265
60.0,62.155262
59.0,62.425198
59.0,61.63907
51.0,61.657143
51.0,53.431118
55.0,54.570618
55.0,58.538086
50.0,58.624058
50.0,52.188374
55.0,53.245224
55.0,56.81388
53.0,56.457508
53.0,53.16152
46.0,53.711105
46.0,45.77666
53.0,46.396004
53.0,54.373573
48.000004,53.668327
48.000004,47.533745
49.0,47.438255
49.0,49.387173
49.0,49.058414
49.0,50.15939
55.0,50.221024
55.0,57.009922
52.0,55.52876
52.0,53.407333
52.0,53.067764
52.0,53.163284
61.0,52.68724
61.0,61.75366
61.0,60.771294
61.0,60.536182
41.0,59.89284
41.0,37.39887
48.000004,39.437355
48.000004,49.784428
49.0,49.658024
49.0,50.62522
47.0,50.749065
47.0,48.581306
58.0,49.494213
58.0,61.6503
56.0,61.308388
56.0,57.943092
52.0,58.211227
52.0,53.903896
49.0,54.23583
49.0,50.863064
41.0,51.409
41.0,43.208866
43.0,44.059155
43.0,47.477646
43.0,47.428703
43.0,47.194073
40.0,47.761776
40.0,43.333336
45.0,44.2328
45.0,47.456524
50.0,47.426792
50.0,51.634304
50.0,51.225235
50.0,50.34316
41.0,50.408733
41.0,40.226227
54.0,41.28047
54.0,57.079174
44.0,55.170322
44.0,44.085407
38.0,44.663734
38.0,40.042328
38.0,39.97687
38.0,40.03815
44.0,39.567425
44.0,45.837757
54.0,44.550323
54.0,53.804134
55.0,52.155846
55.0,53.864037
59.0,52.52168
59.0,58.523205
65.0,56.829315
65.0,64.32893
67.0,63.780724
67.0,66.32328
64.0,66.65978
64.0,62.23764
72.0,63.82587
72.0,73.01631
77.0,72.75155
77.0,78.343155
71.0,78.150475
71.0,71.52054
64.0,72.30328
64.0,65.195526
60.0,65.9835
60.0,61.7628
56.0,62.342693
56.0,58.8952
55.0,59.599976
55.0,58.843292
59.0,59.159534
59.0,63.124928
59.0,63.239056
59.0,61.504112
66.0,62.02822
66.0,68.31859
69.0,68.09995
69.0,69.98594
74.0,69.712296
74.0,74.081436
75.0,73.97497
75.0,74.904305
75.0,75.55022
75.0,75.78376
71.0,75.07455
71.0,70.328545
71.0,70.04094
71.0,71.3691
71.0,70.755104
71.0,71.64582
76.0,70.500626
76.0,76.72586
77.0,74.58384
77.0,75.84662
72.0,75.666306
72.0,72.4118
67.0,72.7053
67.0,68.7237
62.0,68.512405
62.0,62.010246
62.0,63.93727
62.0,64.3774
62.0,66.13762
62.0,64.021675
68.0,64.547165
68.0,71.089905
66.0,70.57277
66.0,68.00374
64.0,67.878746
64.0,65.791145
59.0,65.856895
59.0,60.39265
55.0,60.46551
55.0,56.751724
50.0,57.008156
50.0,52.037785
45.0,52.576115
45.0,47.93422
53.0,48.501957
53.0,56.786003
55.0,56.427727
55.0,56.586433
57.0,56.73945
57.0,57.30828
54.0,57.197334
54.0,54.466976
58.0,54.871727
58.0,60.01328
65.0,59.592262
65.0,66.28156
59.0,66.35777
59.0,59.04465
56.0,59.623367
56.0,55.54313
74.0,55.397877
74.0,76.637085
115.0,74.59016
115.0,120.432816
90.0,115.2745
90.0,84.26128
68.0,85.66274
68.0,65.07582
55.0,66.73789
55.0,55.58729
62.0,55.957836
62.0,65.58364
66.0,63.972347
66.0,68.21202
60.0,68.93027
60.0,60.379715
61.0,62.247326
61.0,61.879253
63.0,62.357372
63.0,63.763245
62.0,63.832462
62.0,62.704567
55.0,62.607265
55.0,54.69644
53.0,54.985115
53.0,53.244217
57.0,52.843143
57.0,58.361713
58.0,57.5012
58.0,59.192863
53.0,59.085037
53.0,53.56474
54.0,54.539303
54.0,56.183617
106.0,56.878746
106.0,112.79104
90.0,107.93514
90.0,84.625786
76.0,86.600044
76.0,72.24391
57.0,73.13621
57.0,53.22548
59.0,54.830738
59.0,58.513577
53.0,57.580494
53.0,53.09956
48.000004,55.174644
48.000004,51.048744
43.0,50.680588
43.0,44.475414
46.0,44.71855
46.0,46.917442
42.0,47.158302
42.0,43.370754
42.0,43.69266
42.0,45.6414
54.0,44.58242
54.0,58.07811
43.0,57.765858
43.0,43.855686
44.0,44.830303
44.0,45.10488
43.0,45.764175
43.0,43.8798
36.0,44.54709
36.0,37.75403
35.0,38.5844
35.0,38.418182
35.0,38.90075
35.0,38.954075
40.0,39.073326
40.0,44.353027
39.0,43.890957
39.0,42.00841
32.0,42.11533
32.0,34.374035
30.0,34.95637
30.0,33.453724
40.0,33.525738
40.0,45.36735
39.0,43.982822
39.0,42.998676
51.0,43.461792
51.0,55.650352
46.0,55.039978
46.0,46.75349
52.0,47.5184
52.0,53.41526
56.0,52.289543
56.0,56.642036
55.0,56.181023
55.0,55.79805
50.0,55.502476
50.0,50.77046
45.0,51.197067
45.0,45.205486
54.0,44.560795
54.0,54.92791
58.0,54.327427
58.0,59.730167
55.0,58.72737
55.0,55.456238
56.0,55.698227
56.0,56.961742
52.0,56.680668
52.0,53.26972
56.0,53.796093
56.0,57.73958
53.0,57.10277
53.0,54.032238
51.0,55.681103
51.0,53.207478
54.0,53.68033
54.0,56.916336
55.0,56.96535
55.0,58.257652
53.0,58.21845
53.0,55.959892
43.0,56.41633
43.0,45.44415
40.0,46.87391
40.0,44.12802
51.0,44.42106
51.0,56.62342
52.0,55.712574
52.0,56.43699
33.0,56.52091
33.0,36.003452
37.0,38.20432
37.0,42.309437
33.0,42.131985
33.0,37.418022
35.0,38.33241
35.0,40.88539
36.0,40.453136
36.0,39.62904
30.0,39.756237
30.0,32.205605
34.0,32.594193
34.0,37.273544
35.0,36.676228
35.0,36.967194
26.0,35.801567
26.0,26.633396
11.0,27.122269
11.0,10.751918
12.000001,12.965452
12.000001,16.3366
16.0,17.182842
16.0,22.928171
27.0,22.204006
27.0,35.236946
47.0,33.535522
47.0,54.013935
58.0,52.60379
58.0,61.482864
52.0,58.561157
52.0,50.34546
52.0,50.957214
52.0,52.495132
51.0,52.936096
51.0,53.095234
52.0,53.161663
52.0,54.94297
41.0,54.83931
41.0,43.044266
43.0,44.48436
43.0,47.591965
36.0,47.230568
36.0,39.450924
28.0,40.174
28.0,31.9162
23.0,32.854004
23.0,27.765087
22.0,28.722912
22.0,28.417711
42.0,28.7398
42.0,50.124596
42.0,48.627827
42.0,46.543427
22.0,47.094173
22.0,24.049082
28.0,26.729504
28.0,33.337093
35.0,33.102856
35.0,39.24592
34.0,38.56188
34.0,36.190777
38.0,36.87955
38.0,42.252846
40.0,41.41027
40.0,43.082924
36.0,41.274937
36.0,36.75714
33.0,37.054493
33.0,34.567898
35.0,34.727894
35.0,38.43859
30.0,36.242786
30.0,32.20726
25.0,32.76861
25.0,29.410763
25.0,29.51162
25.0,29.1251
29.0,28.537966
29.0,31.254553
31.0,32.129185
31.0,34.211853
30.0,35.02283
30.0,33.190147
28.0,33.196438
28.0,31.470242
28.0,31.387592
28.0,32.0997
25.0,32.227726
25.0,29.805742
25.0,30.383612
25.0,30.785313
23.0,30.95784
23.0,28.300686
47.0,29.103127
47.0,55.126358
42.0,52.813427
42.0,45.05684
31.0,45.70847
31.0,34.25291
32.0,35.308712
32.0,37.229576
28.0,37.122665
28.0,32.47404
29.0,33.07564
29.0,34.604015
29.0,35.53981
29.0,33.657555
39.0,34.849426
39.0,44.78158
43.0,44.91415
43.0,48.803005
44.0,48.3392
44.0,48.63408
52.0,47.656742
52.0,55.854176
48.000004,54.54547
48.000004,50.656834
40.0,49.953518
40.0,40.926796
41.0,39.889683
41.0,42.475822
41.0,41.141415
41.0,44.136864
45.0,42.401104
45.0,47.249943
41.0,45.6248
41.0,40.59343
43.0,41.557224
43.0,43.414455
40.0,44.092922
40.0,40.698116
49.0,42.19328
49.0,52.61989
49.0,51.82675
49.0,51.673336
48.000004,52.268723
48.000004,51.038452
38.0,51.285225
38.0,40.091446
51.0,41.25625
51.0,56.034996
50.0,54.415154
50.0,52.788082
57.0,52.78677
57.0,60.67771
54.0,59.34452
54.0,55.409653
64.0,55.868347
64.0,66.723816
63.0,65.20558
63.0,62.91747
61.0,63.124706
61.0,60.722095
61.0,60.95059
61.0,60.649548
58.0,61.34449
58.0,57.30156
65.0,58.43781
65.0,67.076385
68.0,66.40261
68.0,68.358284
62.0,68.26294
62.0,62.387295
58.0,61.552048
58.0,58.502388
53.0,58.31935
53.0,54.83091
56.0,54.28074
56.0,58.74373
54.0,57.179405
54.0,54.70162
48.000004,55.218273
48.000004,49.20845
51.0,50.677525
51.0,53.175705
42.0,52.87935
42.0,41.764095
42.0,43.61402
42.0,44.052063
56.0,45.06467
56.0,60.243805
76.0,58.819145
76.0,79.89991
81.0,77.6448
81.0,82.566086
83.0,82.0932
83.0,84.12855
95.0,83.3905
95.0,96.265236
98.0,94.6607
98.0,97.814964
114.0,97.03902
114.0,115.99365
109.0,114.191895
109.0,107.08203
113.0,107.49991
113.0,112.09385
131.0,111.3247
131.0,130.67776
144.0,128.8888
144.0,142.11772
124.0,140.32082
124.0,118.25836
102.0,120.55933
102.0,97.38919
85.0,101.02259
85.0,83.7382
77.0,86.08455
77.0,78.7654
78.0,80.47304
78.0,81.5655
79.0,82.10888
79.0,81.31388
74.0,80.72437
74.0,72.91318
68.0,70.86163
68.0,67.22487
57.0,67.00771
57.0,57.511185
48.000004,56.608257
48.000004,46.961533
38.0,48.752426
38.0,37.905724
34.0,40.933052
34.0,36.18434
38.0,37.97806
38.0,42.179844
42.0,42.47524
42.0,46.867847
33.0,47.143524
33.0,36.805534
25.0,38.65699
25.0,29.722273
23.0,31.09621
23.0,29.10784
43.0,29.381208
43.0,51.0454
53.0,48.915882
53.0,59.34085
58.0,58.808125
58.0,62.803146
61.0,61.429375
61.0,63.250134
63.0,62.642212
63.0,65.66599
62.0,65.46385
62.0,63.884205
65.0,63.463936
65.0,67.12262
70.0,66.868225
70.0,72.24319
76.0,71.637085
76.0,78.13508
83.0,78.46734
83.0,85.02341
87.0,83.72802
87.0,87.10053
94.0,86.82518
94.0,95.63755
98.0,94.10966
98.0,97.37273
90.0,96.22255
90.0,87.098465
77.0,87.11473
77.0,74.34762
70.0,73.766754
70.0,67.413124
66.0,67.422295
66.0,65.84343
66.0,65.838486
66.0,66.18197
68.0,66.06884
68.0,68.08063
61.0,69.11726
61.0,60.760788
59.0,62.43064
59.0,60.623863
73.0,61.656883
73.0,76.98655
67.0,75.93455
67.0,68.79371
61.0,69.5712
61.0,63.36784
61.0,63.891193
61.0,64.14583
43.0,64.36516
43.0,45.21393
59.0,47.306927
59.0,65.78296
62.0,64.51019
62.0,65.945366
73.0,66.38044
73.0,77.21409
55.0,76.18367
55.0,54.078205
56.0,56.093216
56.0,58.00541
73.0,57.213352
73.0,76.26842
83.0,74.43192
83.0,84.499954
72.0,83.02517
72.0,70.58434
67.0,71.341286
67.0,66.72199
65.0,66.99578
65.0,64.3109
57.0,64.28412
57.0,53.84426
56.0,55.540882
56.0,56.440773
49.0,55.93746
49.0,49.324184
49.0,48.35447
49.0,51.494606
41.0,50.504692
41.0,40.58347
43.0,40.282127
43.0,41.661217
40.0,42.62908
40.0,39.957787
47.0,41.73353
47.0,50.122364
51.0,49.671402
51.0,53.903175
40.0,53.83407
40.0,41.183746
22.0,42.810852
22.0,23.456789
30.0,26.046345
30.0,35.97685
50.0,35.11514
50.0,56.42575
46.0,54.25762
46.0,48.84322
58.0,49.64935
58.0,63.249973
75.0,62.08062
75.0,79.00662
58.0,76.992676
58.0,57.405216
46.0,59.14971
46.0,46.995274
35.0,48.63704
35.0,35.70394
34.0,36.80697
34.0,35.61657
32.0,35.969357
32.0,33.89465
28.0,34.950253
28.0,30.255373
27.0,29.989592
27.0,29.32715
26.0,29.06265
26.0,28.266426
25.0,28.623102
25.0,27.67467
23.0,27.661829
23.0,25.986698
22.0,25.81674
22.0,26.005594
29.0,25.856367
29.0,34.04622
44.0,32.435356
44.0,47.475582
53.0,45.36757
53.0,53.617363
52.0,53.198788
52.0,52.17337
57.0,52.56076
57.0,57.869286
61.0,56.78328
61.0,61.514877
59.0,60.964108
59.0,59.437233
54.0,59.391853
54.0,55.205463
40.0,55.643223
40.0,41.152008
35.0,42.533894
35.0,38.01926
30.0,39.08853
30.0,34.01659
27.0,35.35268
27.0,31.545078
32.0,32.21601
32.0,37.22201
51.0,37.322132
51.0,56.79373
62.0,54.925636
62.0,64.63724
57.0,63.403614
57.0,56.25008
50.0,56.628906
50.0,48.368504
48.000004,49.389034
48.000004,47.61123
40.0,48.09709
40.0,40.5103
37.0,40.92048
37.0,38.30007
31.0,38.365997
31.0,32.51218
38.0,32.91077
38.0,40.801018
48.000004,38.74953
48.000004,49.53806
52.0,47.614483
52.0,52.522976
54.0,51.456055
54.0,53.27745
52.0,52.156284
52.0,50.0889
71.0,49.868977
71.0,71.1725
83.0,69.245415
83.0,81.51994
69.0,80.4781
69.0,64.69753
72.0,66.23277
72.0,71.1662
69.0,70.91592
69.0,67.96036
59.0,68.42688
59.0,58.217335
52.0,59.378597
52.0,52.29758
53.0,53.509865
53.0,54.474693
48.000004,54.59387
48.000004,49.67223
41.0,50.594265
41.0,43.064373
35.0,44.26537
35.0,37.43585
45.0,38.781647
45.0,48.981125
37.0,48.26478
37.0,37.07298
29.0,38.33229
29.0,28.720879
35.0,29.564903
35.0,36.594357
36.0,36.30945
36.0,36.918343
33.0,36.848186
33.0,34.359516
31.0,34.522045
31.0,31.622007
34.0,31.14187
34.0,35.15015
32.0,34.47956
32.0,33.58046
37.0,33.047165
37.0,39.98734
39.0,38.770493
39.0,40.434788
51.0,40.55111
51.0,54.02865
42.0,52.65447
42.0,41.703396
59.0,42.94034
59.0,62.90006
57.0,61.847965
57.0,58.705746
61.0,59.29606
61.0,63.593506
63.0,63.847786
63.0,65.672195
74.0,66.222786
74.0,77.40339
75.0,75.91213
75.0,76.21723
90.0,76.152115
90.0,92.72344
71.0,90.3797
71.0,69.03989
57.0,70.48753
57.0,57.610813
52.0,58.691185
52.0,54.825478
43.0,55.507977
43.0,45.153915
32.0,46.496326
32.0,35.410404
39.0,37.530384
39.0,44.649624
52.0,44.544353
52.0,56.804325
45.0,55.61727
45.0,44.56728
41.0,45.3504
41.0,40.7975
31.0,41.374157
31.0,31.737936
26.0,31.4868
26.0,27.569948
25.0,27.207718
25.0,27.017836
50.0,27.759892
50.0,53.05649
50.0,50.259293
50.0,50.293255
40.0,50.243664
40.0,40.66501
53.0,41.426537
53.0,57.039722
52.0,54.86421
52.0,54.64238
63.0,54.96135
63.0,67.20559
59.0,66.74201
59.0,61.31794
56.0,61.911
56.0,57.15026
47.0,57.265472
47.0,47.81248
32.0,49.44041
32.0,34.43444
33.0,36.07759
33.0,38.564182
37.0,38.87951
37.0,42.901928
50.0,42.826015
50.0,56.40148
48.000004,55.33227
48.000004,51.636303
67.0,52.096893
67.0,72.67718
55.0,70.070244
55.0,54.68412
64.0,55.76904
64.0,66.85764
73.0,65.4331
73.0,75.048996
72.0,73.669
72.0,70.2809
67.0,69.57844
67.0,63.00624
57.0,64.276855
57.0,53.417225
45.0,54.962986
45.0,44.347164
37.0,44.964706
37.0,36.803146
50.0,36.852093
50.0,54.597538
53.0,52.903812
53.0,56.22758
41.0,55.05035
41.0,40.9511
39.0,42.011562
39.0,40.44008
49.0,40.984276
49.0,52.22107
45.0,51.468346
45.0,47.13128
45.0,47.708508
45.0,46.633286
54.0,47.29362
54.0,56.274902
34.0,55.972584
34.0,32.77243
51.0,34.861565
51.0,55.365505
59.0,53.612785
59.0,61.4633
55.0,60.75956
55.0,56.305347
57.0,56.263092
57.0,59.093006
55.0,59.01042
55.0,56.985207
54.0,56.92324
54.0,56.72304
54.0,56.98815
54.0,57.12962
59.0,57.61484
59.0,62.050915
59.0,61.85071
59.0,60.30649
60.0,60.312866
60.0,59.50123
61.0,59.02975
61.0,59.32869
61.0,58.77248
61.0,58.935265
53.0,58.063416
53.0,49.768803
39.0,50.546955
39.0,37.440975
32.0,39.026436
32.0,33.727364
24.000002,35.371838
24.000002,28.148615
23.0,27.901247
23.0,27.11099
24.000002,26.853182
24.000002,26.645172
22.0,26.60611
22.0,23.294441
32.0,23.924747
32.0,34.569134
33.0,34.422516
33.0,33.807827
33.0,35.00086
33.0,34.65758
35.0,34.197655
35.0,36.702
51.0,37.379414
51.0,55.018402
40.0,52.03576
40.0,39.999207
33.0,40.731575
33.0,34.792557
27.0,35.84423
27.0,29.703619
45.0,30.939285
45.0,51.321625
39.0,49.252552
39.0,41.599274
25.0,42.704243
25.0,27.487812
33.0,28.87642
33.0,38.507607
31.0,37.92966
31.0,34.409203
56.0,34.56276
56.0,62.051533
56.0,59.563183
56.0,56.976067
37.0,57.221004
37.0,34.908165
44.0,36.24747
44.0,46.050415
47.0,45.4914
47.0,49.67308
51.0,49.600803
51.0,54.374413
52.0,53.50256
52.0,53.364925
49.0,52.94386
49.0,48.735035
56.0,48.755486
56.0,57.582077
56.0,56.03439
56.0,56.267796
52.0,54.977802
52.0,51.62845
45.0,52.060184
45.0,45.5467
41.0,46.29819
41.0,42.061943
54.0,42.162815
54.0,55.64329
55.0,55.097797
55.0,55.12396
54.0,56.028603
54.0,54.496067
51.0,54.413673
51.0,51.29964
55.0,51.504578
55.0,56.451344
57.0,55.46007
57.0,58.04844
48.000004,57.608646
48.000004,47.76719
52.0,48.576717
52.0,54.01145
41.0,53.612614
41.0,41.5377
31.0,42.89973
31.0,33.499687
45.0,35.15424
45.0,50.29897
45.0,49.630116
45.0,47.495117
50.0,47.959442
50.0,51.707993
53.0,51.60797
53.0,53.640274
61.0,53.48157
61.0,61.606766
54.0,60.429607
54.0,52.500767
51.0,54.027657
51.0,50.888474
48.000004,51.25122
48.000004,49.310577
41.0,49.203293
41.0,44.021362
41.0,42.36012
41.0,43.57798
43.0,42.857166
43.0,46.28577
73.0,45.363403
73.0,77.09972
61.0,73.360756
61.0,56.090393
66.0,59.137043
66.0,65.90648
73.0,65.80063
73.0,72.65872
61.0,71.51725
61.0,58.02765
63.0,58.401882
63.0,62.359184
59.0,62.376938
59.0,58.085335
60.0,58.181656
60.0,60.0536
63.0,59.831593
63.0,63.493504
58.0,63.323025
58.0,57.683605
64.0,58.152054
64.0,64.872894
35.0,64.43772
35.0,32.5627
30.0,36.071304
30.0,33.213493
48.000004,34.233944
48.000004,52.79375
51.0,51.698997
51.0,52.654594
59.0,52.698486
59.0,58.758816
54.0,58.216946
54.0,51.15796
43.0,51.02115
43.0,39.861897
46.0,40.036354
46.0,44.43278
44.0,44.443783
44.0,42.626396
38.0,42.67248
38.0,36.07649
38.0,36.865086
38.0,36.9964
44.0,36.398563
44.0,44.968838
56.0,43.523678
56.0,56.762993
47.0,54.40615
47.0,44.83466
46.0,46.02951
46.0,45.693985
48.000004,45.387375
48.000004,46.724438
52.0,46.378513
52.0,50.408512
54.0,50.658752
54.0,53.21191
54.0,53.895718
54.0,52.701286
43.0,52.71918
43.0,40.91905
42.0,42.389072
42.0,42.22397
35.0,42.25862
35.0,34.920166
51.0,35.510063
51.0,53.292328
30.0,51.05081
30.0,27.41116
33.0,30.116714
33.0,35.582066
27.0,35.244144
27.0,28.931852
20.0,29.946886
20.0,22.250925
26.0,23.526642
26.0,31.226032
25.0,32.049908
25.0,27.651264
23.0,28.01439
23.0,24.403948
32.0,25.134878
32.0,34.572063
37.0,34.061855
37.0,38.255768
52.0,38.133373
52.0,54.84741
55.0,52.370113
55.0,53.36367
48.000004,52.20464
48.000004,44.344536
39.0,44.540203
39.0,39.084625
32.0,39.343517
32.0,30.818487
24.000002,28.963133
24.000002,23.694212
39.0,25.766716
39.0,42.903267
45.0,40.271713
45.0,46.00929
37.0,45.841583
37.0,35.90833
35.0,38.354317
35.0,36.148712
40.0,38.14909
40.0,42.792408
49.0,41.632984
49.0,51.442955
57.0,50.51243
57.0,59.192093
45.0,58.602016
45.0,45.647205
37.0,46.817215
37.0,38.81794
29.0,39.423576
29.0,31.234735
27.0,32.45135
27.0,31.035954
34.0,31.662777
34.0,39.272297
34.0,39.023693
34.0,37.71748
33.0,37.845047
33.0,35.724533
27.0,35.847145
27.0,26.933023
28.0,27.491905
28.0,29.262222
30.0,28.872581
30.0,31.217093
36.0,30.986643
36.0,36.635742
37.0,36.396305
37.0,37.00127
37.0,36.87092
37.0,36.249847
39.0,35.633003
39.0,38.373634
38.0,37.321365
38.0,38.36693
44.0,37.84312
44.0,45.703484
55.0,43.738403
55.0,56.767914
50.0,54.537106
50.0,47.78897
52.0,48.15789
52.0,50.17385
45.0,49.37911
45.0,40.944805
56.0,41.475403
56.0,54.31925
42.0,53.469666
42.0,38.682655
31.0,41.26854
31.0,30.56905
36.0,32.185886
36.0,38.44797
35.0,38.80257
35.0,37.169277
38.0,37.69807
38.0,40.479183
38.0,40.588383
38.0,39.29468
38.0,39.567467
38.0,39.694195
44.0,39.47233
44.0,46.854153
40.0,45.941338
40.0,40.87318
35.0,41.422203
35.0,35.573654
40.0,36.43939
40.0,39.75079
37.0,39.093132
37.0,35.440365
39.0,35.415493
39.0,38.104294
40.0,38.053535
40.0,38.922905
33.0,39.25666
33.0,31.390614
29.0,32.192516
29.0,27.94957
33.0,28.625904
33.0,34.79019
29.0,34.148106
29.0,31.410269
25.0,30.896208
25.0,27.226217
25.0,26.897062
25.0,26.859581
23.0,26.726904
23.0,24.948944
28.0,25.117697
28.0,28.945364
30.0,28.067291
30.0,29.518242
38.0,29.485771
38.0,37.76214
35.0,36.718742
35.0,33.304123
28.0,34.53247
28.0,27.842127
37.0,29.015347
37.0,40.13747
31.0,39.48805
31.0,32.647816
51.0,33.658752
51.0,55.830524
44.0,53.829723
44.0,44.140877
47.0,45.27917
47.0,49.314518
46.0,48.69954
46.0,48.443176
46.0,48.838997
46.0,48.34972
42.0,48.19531
42.0,43.0606
46.0,43.974174
46.0,46.561916
38.0,46.220272
38.0,36.835785
29.0,37.561546
29.0,28.22349
35.0,28.795591
35.0,36.28743
38.0,36.087017
38.0,39.03276
40.0,38.820034
40.0,41.263996
28.0,41.388653
28.0,29.504843
58.0,29.131144
58.0,61.182438
60.0,56.756126
60.0,58.56356
60.0,57.06023
60.0,57.658894
62.0,56.77436
62.0,59.68527
44.0,60.261097
44.0,41.433426
35.0,43.58877
35.0,34.486095
42.0,36.364666
42.0,44.35044
42.0,44.60921
42.0,43.631924
54.0,43.829082
54.0,56.352833
45.0,55.251377
45.0,44.227173
49.0,45.442825
49.0,50.906296
41.0,50.1727
41.0,41.65962
41.0,42.48725
41.0,43.295193
31.0,43.385338
31.0,32.4674
28.0,34.29389
28.0,31.425634
30.0,31.855377
30.0,33.562664
36.0,33.799812
36.0,39.38547
39.0,38.91785
39.0,39.864113
44.0,39.694897
44.0,43.212643
43.0,42.194736
43.0,40.977306
53.0,40.911396
53.0,52.631805
27.0,50.244965
27.0,22.897942
34.0,25.250338
34.0,32.855907
38.0,30.992
38.0,36.762604
38.0,37.172806
38.0,37.965054
33.0,37.588448
33.0,31.271
31.0,32.721226
31.0,32.895794
24.000002,32.511204
24.000002,23.860987
22.0,24.010162
22.0,23.626608
46.0,24.252844
46.0,49.441742
33.0,46.78988
33.0,31.032566
27.0,32.63843
27.0,26.130747
30.0,27.635702
30.0,31.030495
32.0,31.571442
32.0,34.31708
28.0,34.093494
28.0,30.319286
31.0,30.85324
31.0,33.83556
30.0,33.479073
30.0,31.76196
28.0,32.07906
28.0,30.136303
26.0,30.259829
26.0,29.395136
28.0,29.695194
28.0,31.94321
24.000002,31.931314
24.000002,26.63399
41.0,27.760036
41.0,44.208477
37.0,42.72855
37.0,36.261276
27.0,36.688744
27.0,25.703787
18.0,26.539513
18.0,18.14004
17.0,19.339651
17.0,18.847452
17.0,18.20933
17.0,18.316
21.0,18.779137
21.0,24.462738
21.0,24.407526
21.0,23.176064
23.0,22.738869
23.0,27.411596
28.0,26.033455
28.0,31.273668
35.0,29.862347
35.0,35.875237
48.000004,35.198597
48.000004,48.372463
51.0,46.43215
51.0,47.74707
40.0,47.70922
40.0,38.090363
43.0,39.337795
43.0,43.829205
42.0,42.976784
42.0,42.50874
40.0,42.817097
40.0,41.724472
30.0,42.426704
30.0,31.646824
23.0,33.351627
23.0,25.763535
57.0,26.696642
57.0,63.669086
29.0,60.31392
29.0,27.035376
45.0,30.316591
45.0,50.81177
45.0,48.971096
45.0,46.555176
20.0,47.027172
20.0,19.505825
28.0,22.032633
28.0,30.429811
26.0,30.32674
26.0,25.803013
28.0,25.329916
28.0,29.117939
24.000002,28.730982
24.000002,24.034964
27.0,25.139032
27.0,29.034328
30.0,28.678404
30.0,31.502165
40.0,31.814346
40.0,42.5068
45.0,41.529224
45.0,48.094284
45.0,47.047764
45.0,46.660458
55.0,44.499638
55.0,54.783154
57.0,53.17555
57.0,56.87174
56.0,56.196312
56.0,53.769573
58.0,52.322266
58.0,55.74127
56.0,56.558834
56.0,54.724255
54.0,55.567444
54.0,52.51558
51.0,53.121563
51.0,50.528233
35.0,50.936882
35.0,34.25692
30.0,35.81191
30.0,32.546173
40.0,32.97153
40.0,44.20067
39.0,43.13928
39.0,40.46129
34.0,41.009895
34.0,35.73564
31.0,36.759964
31.0,33.457684
30.0,33.821968
30.0,32.413456
38.0,32.698524
38.0,41.38212
44.0,41.127792
44.0,43.395283
36.0,42.6423
36.0,34.17641
28.0,34.728176
28.0,27.151756
27.0,27.89784
27.0,27.95306
26.0,28.205252
26.0,27.820017
28.0,28.073244
28.0,28.31293
33.0,29.356539
33.0,33.76907
50.0,33.676853
50.0,52.60238
55.0,47.631824
55.0,53.18302
66.0,51.513126
66.0,66.29565
59.0,64.13358
59.0,55.767227
58.0,55.560543
58.0,55.36264
59.0,56.36856
59.0,56.886143
55.0,57.71858
55.0,53.448395
50.0,53.864647
50.0,48.48208
42.0,48.791485
42.0,40.711716
48.000004,42.0093
48.000004,49.639317
40.0,49.369846
40.0,40.704807
49.0,42.133236
49.0,52.239746
56.0,51.723465
56.0,57.47751
30.0,57.22722
30.0,27.91998
23.0,30.72992
23.0,25.556446
30.0,26.442114
30.0,34.365128
32.0,33.670322
32.0,34.73794
49.0,34.92764
49.0,50.142036
20.0,48.660122
20.0,15.101406
25.0,17.93119
25.0,26.253073
27.0,25.104774
27.0,27.580809
24.000002,27.775562
24.000002,24.656813
22.0,24.929785
22.0,22.797583
30.0,23.548958
30.0,30.821253
35.0,29.151396
35.0,37.43117
38.0,35.69317
38.0,38.739346
57.0,37.879055
57.0,58.407097
62.0,55.972084
62.0,60.645596
56.0,60.511913
56.0,53.73799
52.0,54.80215
52.0,49.50225
53.0,49.787197
53.0,52.013584
48.000004,51.95248
48.000004,46.83332
43.0,46.585815
43.0,42.56596
40.0,43.197815
40.0,40.588123
37.0,41.40179
37.0,38.39824
45.0,39.097458
45.0,47.80943
41.0,47.271156
41.0,41.526363
41.0,42.28115
41.0,42.42775
37.0,42.423428
37.0,38.27261
41.0,38.97673
41.0,43.692085
40.0,43.328785
40.0,41.564
45.0,42.062225
45.0,43.474003
45.0,42.961475
45.0,43.001057
44.0,42.731678
44.0,41.59168
50.0,40.65608
50.0,48.41391
46.0,47.606133
46.0,43.82607
44.0,44.29416
44.0,41.705822
47.0,41.467163
47.0,45.45334
66.0,45.043316
66.0,67.1714
63.0,64.786766
63.0,60.409004
64.0,60.35901
64.0,60.03587
65.0,59.95534
65.0,63.208122
51.0,63.244728
51.0,47.472744
57.0,46.99385
57.0,55.70847
44.0,56.24849
44.0,41.799377
32.0,43.726826
32.0,31.09091
35.0,32.58881
35.0,36.577225
30.0,37.23419
30.0,31.495186
35.0,32.606487
35.0,38.605877
32.0,38.906033
32.0,34.493015
30.0,35.24527
30.0,32.59278
34.0,32.91275
34.0,37.276886
31.0,37.129322
31.0,33.569355
30.0,33.752026
30.0,32.57121
34.0,32.74114
34.0,37.250675
40.0,36.942356
40.0,40.636417
34.0,40.09546
34.0,32.12369
30.0,32.781384
30.0,28.52859
30.0,28.691755
30.0,28.997023
35.0,28.985098
35.0,35.64277
38.0,34.480427
38.0,37.529804
53.0,37.007214
53.0,53.636227
59.0,52.1055
59.0,57.911266
59.0,57.563198
59.0,60.137638
63.0,58.75265
63.0,62.917854
73.0,61.231724
73.0,72.20479
76.0,70.58289
76.0,73.68332
68.0,72.70885
68.0,62.808617
53.0,63.69499
53.0,48.24023
42.0,50.550926
42.0,40.368176
37.0,41.93957
37.0,37.830257
23.0,38.672638
23.0,23.978008
24.000002,26.186556
24.000002,27.50277
28.0,28.402803
28.0,31.764246
31.0,31.941412
31.0,34.307964
28.0,34.32438
28.0,30.529793
22.0,31.196001
22.0,24.806057
21.0,25.56578
21.0,23.93094
48.000004,24.299421
48.000004,53.129192
45.0,50.36292
45.0,43.047253
39.0,43.19269
39.0,36.88751
52.0,36.767483
52.0,52.18946
45.0,50.19127
45.0,42.482243
35.0,43.271374
35.0,34.473362
30.0,36.271496
30.0,30.454567
40.0,31.319225
40.0,43.35698
57.0,42.46462
57.0,61.5261
63.0,59.30634
63.0,64.70839
71.0,63.05192
71.0,72.3863
72.0,70.67381
72.0,70.49597
75.0,70.41604
75.0,73.406685
74.0,72.22715
74.0,70.83982
68.0,70.67106
68.0,64.20687
58.0,64.89368
58.0,54.958
55.0,56.53319
55.0,54.84065
52.0,55.230995
52.0,52.70729
38.0,53.174732
38.0,38.55788
53.0,40.710327
53.0,57.08494
35.0,55.819935
35.0,34.612217
30.0,37.05541
30.0,33.085663
44.0,34.063892
44.0,49.877693
37.0,48.99276
37.0,39.123207
31.0,39.934452
31.0,32.932922
47.0,34.340492
47.0,48.67446
40.0,46.779247
40.0,38.797626
45.0,39.01405
45.0,45.300766
37.0,44.216766
37.0,34.626575
29.0,35.77599
29.0,28.434633
27.0,28.813358
27.0,27.51828
26.0,27.658028
26.0,27.048038
46.0,26.853817
46.0,49.669197
62.0,47.818005
62.0,64.332466
70.0,61.76763
70.0,68.73651
91.0,67.26541
91.0,91.92049
96.00001,90.03588
96.00001,94.54601
88.0,92.545364
88.0,83.03104
64.0,83.71796
64.0,59.21998
59.0,62.763863
59.0,58.647617
60.0,59.356018
60.0,61.741146
40.0,62.11419
40.0,40.010307
37.0,42.82486
37.0,40.16322
31.0,41.12614
31.0,34.07376
28.0,34.807766
28.0,31.987421
24.000002,32.55096
24.000002,28.220037
25.0,29.582153
25.0,30.299877
25.0,30.389748
25.0,29.539234
35.0,30.038763
35.0,39.6806
38.0,38.7969
38.0,39.2539
40.0,38.673466
40.0,40.328457
37.0,39.594154
37.0,36.40997
31.0,36.320976
31.0,30.086792
30.0,30.887245
30.0,31.233305
28.0,31.520695
28.0,28.794794
26.0,28.821566
26.0,27.198347
38.0,27.629457
38.0,42.066624
48.000004,40.30162
48.000004,50.955982
58.0,48.562473
58.0,60.303593
64.0,59.02268
64.0,64.18299
70.0,63.183342
70.0,70.08643
54.0,68.69486
54.0,50.958633
43.0,52.71738
43.0,42.054947
34.0,43.96576
34.0,35.17854
27.0,36.927807
27.0,28.936049
40.0,29.981548
40.0,44.42135
39.0,43.584766
39.0,41.80987
38.0,41.856533
38.0,40.845196
31.0,40.56322
31.0,32.271523
28.0,33.01818
28.0,30.714808
28.0,31.117392
28.0,32.4257
33.0,33.026505
33.0,37.46656
43.0,37.26509
43.0,46.732372
43.0,45.975693
43.0,42.671936
38.0,42.716755
38.0,37.50016
33.0,37.577557
33.0,32.69613
33.0,32.508762
33.0,33.179363
33.0,33.309402
33.0,34.07939
40.0,34.262913
40.0,41.29299
43.0,40.611214
43.0,44.38263
53.0,43.8573
53.0,54.82617
50.0,53.357265
50.0,49.902924
44.0,50.129196
44.0,44.49049
51.0,44.330315
51.0,52.717766
58.0,51.4754
58.0,60.175842
56.0,59.139153
56.0,56.564808
55.0,56.634193
55.0,55.61266
52.0,56.474255
52.0,52.36311
40.0,53.740364
40.0,40.710964
47.0,42.36447
47.0,51.03811
51.0,50.527412
51.0,54.303173
44.0,53.86989
44.0,45.64434
54.0,46.166767
54.0,57.43548
55.0,56.684822
55.0,57.528454
45.0,57.162495
45.0,46.631664
35.0,48.17926
35.0,37.421864
32.0,38.96244
32.0,34.7862
37.0,34.974785
37.0,39.635376
48.000004,39.540543
48.000004,50.411694
45.0,49.07006
45.0,44.638336
54.0,44.617107
54.0,55.88168
54.0,55.353752
54.0,55.54382
60.0,55.54432
60.0,61.23682
64.0,60.52643
64.0,63.985493
59.0,63.689693
59.0,59.652058
53.0,58.732475
53.0,53.059254
50.0,52.540524
50.0,52.226353
38.0,50.483017
38.0,38.638573
38.0,40.361965
38.0,40.504562
31.0,42.074753
31.0,32.588463
26.0,33.94031
26.0,28.491611
42.0,29.520884
42.0,46.784584
40.0,45.609417
40.0,42.676884
26.0,43.170868
26.0,27.65574
28.0,29.413347
28.0,32.189774
41.0,32.318626
41.0,47.06266
31.0,45.490948
31.0,34.21271
28.0,35.46898
28.0,32.357143
24.000002,33.119843
24.000002,28.401075
35.0,29.11421
35.0,41.308113
32.0,40.090504
32.0,35.70849
43.0,36.265217
43.0,46.818523
51.0,45.534122
51.0,52.995132
46.0,52.291622
46.0,46.30036
54.0,46.542053
54.0,55.63164
52.0,55.3768
52.0,53.241505
45.0,53.611217
45.0,46.542377
48.000004,46.986507
48.000004,49.622807
38.0,49.122086
38.0,39.35175
55.0,37.984413
55.0,58.589096
33.0,55.34548
33.0,32.753517
53.0,34.82203
53.0,58.860287
55.0,56.05522
55.0,55.77598
52.0,56.90041
52.0,52.44995
59.0,53.484703
59.0,60.615067
58.0,60.938805
58.0,58.977325
55.0,58.660873
55.0,56.046104
50.0,56.647404
50.0,52.15571
50.0,52.947742
50.0,53.23559
59.0,53.277996
59.0,64.00152
42.0,63.31905
42.0,43.407177
55.0,45.617268
55.0,60.737553
61.0,59.500042
61.0,65.28275
62.0,64.90501
62.0,65.41944
56.0,64.90621
56.0,58.667698
57.0,59.53294
57.0,58.83318
54.0,58.941498
54.0,55.056057
47.0,55.83111
47.0,48.321053
42.0,48.59411
42.0,42.63738
48.000004,44.192352
48.000004,52.63304
51.0,51.06901
51.0,54.433826
36.0,53.491592
36.0,36.53204
39.0,37.983913
39.0,42.472088
36.0,41.8695
36.0,38.387856
47.0,37.23486
47.0,48.419617
44.0,46.862686
44.0,44.539375
52.0,44.69751
52.0,53.380424
67.0,52.873936
67.0,69.03507
60.0,67.95663
60.0,59.72805
64.0,60.20766
64.0,65.24721
58.0,65.22409
58.0,58.872723
56.0,59.769543
56.0,57.83052
68.0,58.156097
68.0,71.6468
63.0,70.73705
63.0,64.02298
64.0,64.30236
64.0,66.30553
62.0,66.12587
62.0,64.21756
60.0,64.35279
60.0,62.627403
47.0,62.678318
47.0,49.187588
54.0,51.258873
54.0,58.592438
51.0,58.137066
51.0,52.851154
46.0,53.802544
46.0,47.357307
54.0,48.240078
54.0,55.57807
49.0,54.981552
49.0,48.396755
43.0,48.784603
43.0,43.85393
40.0,43.526447
40.0,40.510975
37.0,40.034557
37.0,39.590977
33.0,40.053333
33.0,36.434643
37.0,36.82588
37.0,38.278812
50.0,38.271282
50.0,53.98159
59.0,52.53908
59.0,61.00769
61.0,58.163395
61.0,60.185307
57.0,59.211548
57.0,55.13937
53.0,55.05172
53.0,51.787056
43.0,52.65034
43.0,42.867004
40.0,44.73999
40.0,42.45117
37.0,43.946785
37.0,40.650436
52.0,41.784054
52.0,58.181534
53.0,56.75262
53.0,56.214703
53.0,56.31923
53.0,55.607143
48.000004,55.449097
48.000004,50.329094
40.0,50.90166
40.0,43.33541
52.0,43.753693
52.0,56.79797
48.000004,55.801365
48.000004,49.992496
40.0,50.87144
40.0,42.345062
33.0,43.233784
33.0,34.404427
37.0,35.195477
37.0,39.63111
35.0,39.402546
35.0,37.887287
26.0,39.07939
26.0,29.386734
25.0,29.9892
25.0,28.25171
27.0,27.892796
27.0,30.134422
28.0,29.703005
28.0,30.062342
39.0,29.661291
39.0,40.47433
44.0,39.366615
44.0,48.331158
52.0,47.688793
52.0,56.281174
55.0,54.479046
55.0,56.36185
73.0,55.236332
73.0,75.429955
73.0,73.73979
73.0,71.91009
66.0,72.49782
66.0,66.03102
66.0,66.46975
66.0,67.82026
59.0,67.79833
59.0,60.276657
54.0,61.11588
54.0,56.711334
43.0,57.533447
43.0,45.60833
44.0,47.11309
44.0,48.46404
35.0,48.511974
35.0,38.493946
30.0,39.86865
30.0,34.90522
27.0,35.89379
27.0,32.815487
43.0,33.75539
43.0,50.914433
44.0,49.536045
44.0,48.50065
39.0,49.242905
39.0,42.655373
30.0,43.33172
30.0,33.005543
23.0,33.945538
23.0,26.534195
53.0,27.426037
53.0,60.9269
48.000004,57.739655
48.000004,49.23858
51.0,49.66262
51.0,52.99336
48.000004,52.12677
48.000004,49.912846
43.0,49.23398
43.0,45.71959
58.0,44.070282
58.0,63.686943
63.0,61.77127
63.0,65.7213
70.0,65.202095
70.0,71.52595
92.0,70.73384
92.0,93.79286
113.0,91.39295
113.0,113.55272
143.0,111.02819
143.0,143.80844
151.0,139.8336
151.0,146.90668
130.0,145.62619
130.0,123.30346
146.0,125.0844
146.0,145.03676
151.0,142.34102
151.0,147.86856
156.0,146.70825
156.0,153.4215
158.0,152.65443
158.0,154.5634
151.0,154.70738
151.0,146.82487
121.0,146.9754
121.0,115.136314
136.0,118.684654
136.0,136.13785
122.0,134.85243
122.0,117.4589
95.0,119.56466
95.0,89.73559
83.0,93.230606
83.0,80.5276
65.0,83.39321
65.0,63.505337
55.0,66.6129
55.0,57.27629
48.000004,59.475784
48.000004,51.059525
45.0,52.537975
45.0,48.94579
45.0,49.462757
45.0,48.79433
57.0,48.088264
57.0,60.039673
58.0,57.62668
58.0,58.182922
63.0,57.986176
63.0,64.99085
57.0,63.26057
57.0,55.9571
50.0,55.194164
50.0,49.17547
50.0,50.758553
50.0,53.89801
43.0,53.749557
43.0,45.172493
54.0,46.609634
54.0,59.1552
56.0,59.052067
56.0,59.299576
51.0,60.046005
51.0,54.25041
59.0,55.10113
59.0,64.18992
61.0,63.227924
61.0,64.42967
58.0,63.96104
58.0,60.791817
62.0,61.17512
62.0,66.284
75.0,65.79663
75.0,79.17517
83.0,77.41159
83.0,85.63887
85.0,84.76822
85.0,86.393105
99.0,86.449036
99.0,100.24615
95.0,98.70152
95.0,92.485085
78.0,93.296165
78.0,74.67772
77.0,76.73292
77.0,76.88288
81.0,76.80119
81.0,82.91567
83.0,81.25024
83.0,84.585175
77.0,84.5895
77.0,77.190475
92.0,78.05333
92.0,95.15289
100.0,93.43005
100.0,100.75688
81.0,99.03163
81.0,77.58986
80.0,78.12524
80.0,78.1963
72.0,77.85915
72.0,70.711105
53.0,70.94144
53.0,52.887043
52.0,55.197647
52.0,53.674877
32.0,55.088192
32.0,32.378433
33.0,35.946114
33.0,37.925056
31.0,38.79072
31.0,35.672783
32.0,36.132717
32.0,36.9671
30.0,36.81054
30.0,35.14845
28.0,35.47865
28.0,33.372734
24.000002,33.870888
24.000002,29.348162
53.0,29.81282
53.0,61.175354
58.0,58.071674
58.0,61.92404
60.0,61.74034
60.0,63.763554
52.0,62.83813
52.0,52.439312
56.0,54.287067
56.0,58.009624
58.0,57.931366
58.0,59.50185
45.0,60.806095
45.0,46.47323
35.0,48.195114
35.0,37.77949
43.0,38.73729
43.0,48.212395
42.0,46.970707
42.0,46.32164
46.0,45.188114
46.0,50.01466
52.0,48.196117
52.0,54.267895
59.0,53.088634
59.0,60.87616
64.0,58.82105
64.0,63.564198
60.0,62.405277
60.0,58.85475
61.0,59.753174
61.0,62.676266
60.0,61.94644
60.0,61.198833
55.0,62.2142
55.0,57.359356
58.0,58.565197
58.0,62.490513
30.0,63.160095
30.0,30.621569
48.000004,34.2064
48.000004,55.921844
41.0,53.987312
41.0,43.39346
31.0,43.884884
31.0,34.84122
34.0,36.135853
34.0,40.849136
59.0,39.736134
59.0,66.783516
54.0,64.34211
54.0,57.443523
69.0,58.70515
69.0,73.65878
64.0,72.31908
64.0,64.213615
60.0,64.58699
60.0,59.89866
60.0,59.702087
60.0,60.498924
58.0,60.763985
58.0,60.048508
67.0,59.73531
67.0,69.4044
72.0,68.49862
72.0,72.64796
64.0,73.217674
64.0,65.26039
56.0,65.75309
56.0,56.461643
55.0,55.84514
55.0,55.7522
59.0,55.550602
59.0,62.231094
62.0,60.701637
62.0,63.070637
55.0,61.99355
55.0,54.79803
46.0,55.663452
46.0,47.15964
48.000004,48.40169
48.000004,50.938244
43.0,51.221184
43.0,46.20076
51.0,47.526245
51.0,55.337566
44.0,55.583828
44.0,46.77673
40.0,48.01259
40.0,44.11225
61.0,44.382015
61.0,68.078606
63.0,66.04904
63.0,66.58331
72.0,66.29279
72.0,75.455475
68.0,74.29169
68.0,69.09583
83.0,69.360664
83.0,86.12291
85.0,83.53538
85.0,85.41624
82.0,85.07205
82.0,81.556
73.0,81.55918
73.0,71.870056
74.0,73.59507
74.0,74.75325
66.0,75.39372
66.0,66.37807
61.0,67.97352
61.0,62.77401
59.0,63.31893
59.0,60.44457
70.0,60.787113
70.0,73.44135
61.0,72.24207
61.0,61.033943
72.0,60.34159
72.0,72.82003
60.0,69.87523
60.0,58.39228
71.0,59.30184
71.0,74.2435
80.0,70.72671
80.0,79.399734
86.0,79.59413
86.0,85.36225
82.0,86.0548
82.0,80.77124
77.0,81.943634
77.0,76.62434
58.0,77.026024
30.0,58.424435
46.0,30.574482
40.0,53.063526
28.0,47.110737
24.000002,33.356995
37.0,31.562155
31.0,47.167595
47.0,39.03139
44.0,55.398052
52.0,49.453648
41.0,56.512512
37.0,41.010685
35.0,38.10818
24.000002,37.375275
22.0,26.229496
40.0,26.537046
37.0,46.00154
35.0,39.823452
30.0,39.293327
54.0,33.80587
47.0,60.347015
36.0,49.914513
51.0,36.261917
28.0,55.416817
45.0,29.906237
43.0,50.03469
47.0,47.29867
42.0,50.92379
57.0,46.041134
31.0,62.943577
52.0,33.644547
57.0,58.814373
50.0,61.497417
39.0,52.09435
34.0,37.38023
40.0,35.234097
43.0,43.878044
38.0,46.88685
44.0,38.581383
45.0,49.74206
45.0,47.515118
45.0,48.247128
41.0,48.379253
38.0,43.98893
29.0,39.653637
20.0,29.344082
14.0,22.061598
24.000002,15.748469
22.0,30.100344
21.0,27.29545
21.0,27.132067
25.0,26.630304
25.0,30.79807
21.0,31.165335
17.0,26.854969
13.0,22.361221
10.0,16.741394
18.0,12.162201
30.0,20.506132
31.0,30.985596
32.0,31.857498
26.0,31.827795
21.0,27.002829
38.0,21.256733
53.0,41.01172
50.0,58.76763
54.0,53.733532
47.0,58.4132
54.0,48.005074
41.0,57.36916
41.0,42.23419
33.0,44.8005
33.0,36.208363
25.0,35.963833
27.0,28.309313
24.000002,32.78664
45.0,29.193295
45.0,53.628468
48.000004,50.218212
42.0,52.93324
40.0,44.65376
40.0,41.865234
53.0,40.657738
53.0,53.747658
48.000004,51.55785
45.0,45.47507
47.0,41.634834
45.0,46.828243
33.0,45.652016
27.0,33.545536
30.0,28.646872
36.0,34.00544
35.0,39.52888
25.0,38.878418
29.0,28.057608
31.0,33.228634
26.0,36.073475
25.0,30.568346
31.0,31.345274
38.0,37.631016
46.0,44.389122
54.0,53.38798
54.0,60.8325
45.0,59.012047
39.0,46.56087
34.0,39.660156
29.0,34.46694
29.0,29.404728
27.0,29.983929
30.0,28.671894
32.0,32.451626
35.0,37.412086
55.0,41.28076
64.0,62.956345
71.0,69.37737
67.0,73.83698
72.0,67.68728
68.0,72.62998
45.0,68.28417
39.0,42.983723
28.0,38.835796
18.0,29.917336
25.0,21.3539
25.0,32.025536
25.0,31.986973
21.0,32.95722
29.0,28.134302
33.0,37.119926
29.0,40.80537
31.0,32.983616
38.0,34.451912
36.0,42.14809
35.0,38.660538
44.0,36.96346
51.0,46.504623
58.0,53.280994
80.0,58.935833
67.0,85.106804
61.0,68.66115
57.0,61.353092
60.0,56.98161
55.0,60.922447
52.0,56.292778
59.0,54.418636
54.0,62.62511
43.0,55.508636
32.0,42.765118
47.0,34.41344
15.0,52.947906
37.0,17.964
23.0,44.388767
18.0,28.073772
19.0,22.219715
28.0,22.21883
28.0,32.82538
25.0,30.28673
23.0,28.550444
32.0,25.04167
45.0,37.57365
37.0,48.905567
39.0,39.719444
38.0,41.63305
32.0,39.597916
33.0,32.86081
27.0,35.088177
26.0,28.109972
23.0,26.766956
35.0,24.222261
40.0,38.548992
33.0,44.872517
33.0,35.949123
27.0,36.012634
38.0,30.831095
32.0,42.97781
24.000002,35.586594
27.0,26.495035
24.000002,30.119505
24.000002,25.60817
23.0,25.951859
24.000002,25.797047
24.000002,24.21651
29.0,26.421282
27.0,31.572104
24.000002,29.352057
41.0,26.94378
29.0,45.687447
12.000001,32.679382
10.0,12.851293
34.0,16.34857
36.0,42.869514
30.0,42.065754
38.0,33.237366
35.0,43.05273
36.0,40.609505
35.0,40.58217
25.0,39.41999
31.0,28.765757
26.0,36.637768
21.0,29.233904
27.0,23.762917
30.0,30.607725
25.0,33.65276
25.0,26.89325
25.0,27.035769
25.0,26.937365
23.0,27.083717
30.0,21.54826
40.0,32.36775
60.0,43.91895
51.0,64.38886
48.000004,51.33303
45.0,48.03148
35.0,44.704445
25.0,33.341454
35.0,24.034452
39.0,36.402653
51.0,40.813915
33.0,53.43181
35.0,32.97008
30.0,37.656345
34.0,32.45388
31.0,38.15855
30.0,34.0382
28.0,33.287693
22.0,29.275778
21.0,21.63971
23.0,19.779278
20.0,21.0572
18.0,18.188097
19.0,16.399426
20.0,19.570055
31.0,23.047842
32.0,33.68439
45.0,34.65254
60.0,48.050728
56.0,63.314022
64.0,55.81544
46.0,63.592407
42.0,42.577072
27.0,39.09956
20.0,25.733921
20.0,20.042591
23.0,22.091478
26.0,26.440527
23.0,29.382154
18.0,27.28551
46.0,21.732351
33.0,52.81499
31.0,34.48486
32.0,29.811533
33.0,30.165562
29.0,30.47755
27.0,25.345804
28.0,25.063553
39.0,26.926998
54.0,42.48506
57.0,57.609856
39.0,60.521122
51.0,39.576252
58.0,54.978863
47.0,62.38903
36.0,48.834045
41.0,36.244213
37.0,43.680992
58.0,39.010513
26.0,62.14374
30.0,25.222847
27.0,33.130096
22.0,31.200382
19.0,26.332123
30.0,23.835407
28.0,36.85103
30.0,31.24326
36.0,33.083637
45.0,38.12397
41.0,48.30011
39.0,41.51261
40.0,39.44692
37.0,41.09742
31.0,39.637672
40.0,31.912445
56.0,45.915752
46.0,63.717667
40.0,47.913425
45.0,39.101562
37.0,46.79054
45.0,39.688244
41.0,47.35223
41.0,42.24946
39.0,40.675053
40.0,39.691166
45.0,42.435757
45.0,48.718178
47.0,49.302944
47.0,50.76083
50.0,51.120068
50.0,53.303444
47.0,52.703663
41.0,49.100685
58.0,42.979237
64.0,62.1214
59.0,65.68193
53.0,59.044315
42.0,54.050774
38.0,42.30719
29.0,40.24467
33.0,32.61653
29.0,37.332928
31.0,33.60929
24.000002,33.8371
18.0,27.372799
9.0,21.640955
10.0,14.299789
11.0,17.451561
3.0000002,18.600027
27.0,10.363729
36.0,36.704185
22.0,45.18866
32.0,27.487198
22.0,38.503014
25.0,25.833578
35.0,28.518242
36.0,38.487366
33.0,38.25901
33.0,33.20538
33.0,33.45974
25.0,33.010212
29.0,26.421532
37.0,31.113396
58.0,42.17141
54.0,63.989975
39.0,55.79578
28.0,39.27179
24.000002,28.750048
18.0,27.931356
18.0,20.931616
19.0,22.02458
22.0,23.161263
21.0,28.31403
23.0,27.592785
20.0,30.11398
26.0,27.593754
21.0,34.646183
10.0,27.722332
18.0,15.067331
30.0,24.14312
42.0,37.279694
52.0,47.50224
54.0,57.12457
55.0,56.973923
53.0,57.452118
58.0,54.585724
64.0,59.813503
66.0,66.81613
66.0,67.49287
76.0,66.60514
60.0,77.139435
64.0,57.91329
60.0,63.002235
68.0,58.782368
60.0,69.4754
70.0,60.976665
65.0,74.11742
70.0,67.9502
75.0,73.79523
75.0,78.375435
84.0,78.5363
64.0,86.20149
62.0,64.30718
61.0,62.284885
57.0,63.729244
54.0,58.745625
52.0,56.658813
57.0,55.630417
55.0,60.316074
50.0,58.90343
58.0,54.07811
45.0,64.01714
45.0,48.17271
45.0,48.646286
54.0,48.873966
53.0,57.297783
70.0,55.888073
59.0,74.59132
60.0,60.343254
60.0,62.888203
55.0,61.878716
60.0,57.486057
61.0,61.909492
62.0,64.81587
58.0,64.11087
72.0,60.690002
75.0,74.90655
76.0,76.11616
78.0,74.99129
65.0,75.4901
58.0,62.66193
54.0,57.32496
49.0,54.84174
56.0,51.638885
64.0,59.523624
66.0,67.495
44.0,70.522934
52.0,44.444534
52.0,54.80432
53.0,53.876144
66.0,55.814396
56.0,69.26203
69.0,56.70123
41.0,71.37935
39.0,40.715122
38.0,40.111168
51.0,41.448685
31.0,56.434895
38.0,33.688786
36.0,43.979584
39.0,41.710003
46.0,45.138176
52.0,50.097034
55.0,56.50099
56.0,56.83554
57.0,56.88988
59.0,56.585995
60.0,60.12437
58.0,60.23528
59.0,59.51274
55.0,60.61607
49.0,56.413185
59.0,49.20348
45.0,61.5014
31.0,46.540997
49.0,33.064503
43.0,55.75641
46.0,47.987648
38.0,50.683666
48.000004,42.239906
40.0,54.642426
28.0,45.779427
50.0,32.85414
25.0,57.484734
41.0,28.471685
43.0,44.16895
47.0,46.257713
42.0,48.308357
40.0,42.46008
36.0,40.217953
30.0,35.293613
32.0,28.43353
35.0,34.669426
30.0,41.136147
33.0,32.20966
35.0,36.71368
32.0,37.36186
30.0,36.310936
44.0,34.148933
33.0,52.24315
27.0,36.388893
30.0,28.872772
51.0,34.01336
23.0,58.06103
30.0,25.698198
34.0,36.29495
50.0,42.064823
44.0,58.68797
43.0,47.855286
34.0,46.1037
29.0,34.32669
27.0,29.01525
26.0,27.80204
30.0,28.997238
25.0,32.845764
40.0,25.977072
38.0,46.17525
46.0,44.008434
46.0,52.514847
44.0,50.529366
49.0,47.324966
49.0,51.33378
39.0,51.660404
56.0,40.317738
37.0,60.529526
53.0,37.859013
23.0,57.57184
24.000002,25.0584
30.0,28.935455
32.0,37.33689
54.0,39.712494
42.0,62.03049
31.0,46.357986
34.0,30.995955
44.0,36.90092
39.0,46.77872
36.0,41.35511
41.0,37.697754
52.0,44.563118
53.0,54.616478
52.0,55.938465
52.0,55.115376
54.0,53.660378
53.0,56.59132
52.0,54.122322
49.0,54.209644
51.0,50.896633
59.0,53.484787
54.0,60.30573
42.0,55.22353
57.0,44.120155
61.0,61.847416
53.0,65.116776
52.0,55.820335
52.0,55.19371
62.0,54.97927
55.0,66.06915
53.0,56.24259
42.0,53.531704
27.0,40.842274
20.0,23.80922
16.0,18.461485
33.0,16.997787
43.0,37.705914
47.0,49.226307
52.0,52.085815
62.0,56.47238
65.0,66.183556
64.0,67.70113
67.0,64.65614
67.0,67.78992
64.0,67.34224
63.0,63.580704
67.0,63.353832
48.000004,69.11706
43.0,48.154324
40.0,44.19262
43.0,43.359722
44.0,47.895447
49.0,49.0837
39.0,53.91325
34.0,41.07282
36.0,35.59487
32.0,37.939888
30.0,34.134415
30.0,32.973385
41.0,32.667027
56.0,45.858913
40.0,62.266674
41.0,41.7653
35.0,44.10191
36.0,39.539
43.0,40.900394
36.0,47.68541
58.0,39.41196
48.000004,62.689056
39.0,49.628803
28.0,40.037926
30.0,30.569221
51.0,34.65221
51.0,58.604904
36.0,56.373802
44.0,38.448277
40.0,49.312218
41.0,43.090424
33.0,41.93958
37.0,32.983864
33.0,37.59478
31.0,33.860203
47.0,32.251938
44.0,50.763252
47.0,46.329002
48.000004,48.00269
52.0,52.735382
53.0,54.98115
70.0,55.008587
58.0,72.4371
52.0,58.067276
39.0,51.638027
38.0,37.986618
31.0,38.986427
34.0,31.712162
32.0,38.49102
51.0,35.901222
17.0,57.852966
64.0,18.663065
69.0,73.39832
74.0,74.72902
76.0,76.99715
68.0,76.29432
65.0,68.220566
64.0,63.313633
64.0,64.10143
58.0,62.61861
47.0,57.867626
30.0,44.970566
48.000004,30.280897
30.0,54.54698
52.0,33.971706
79.0,60.326565
80.0,86.334915
81.0,83.35788
75.0,81.66805
72.0,75.430214
62.0,71.98134
64.0,61.50563
64.0,64.386314
63.0,65.597015
66.0,64.81094
62.0,68.88218
66.0,65.52192
61.0,70.07588
56.0,63.33263
49.0,55.521687
45.0,47.775112
53.0,42.85938
55.0,53.301163
50.0,55.74233
54.0,50.164875
54.0,56.14334
56.0,55.567432
55.0,59.201813
54.0,57.468147
54.0,56.11995
59.0,55.23308
57.0,60.01749
59.0,59.060345
60.0,60.817806
63.0,61.876785
59.0,64.60902
60.0,60.99552
61.0,62.740517
67.0,65.0661
65.0,71.60557
69.0,68.1144
79.0,72.05222
79.0,81.551285
73.0,79.5558
61.0,71.415634
64.0,59.082355
66.0,64.85011
69.0,67.56015
78.0,70.34744
81.0,80.14981
77.0,83.49697
76.0,79.33523
68.0,78.32171
68.0,69.10457
75.0,67.36159
64.0,75.26737
64.0,63.112484
53.0,63.708344
42.0,53.893425
46.0,41.955708
48.000004,50.433594
51.0,52.96101
63.0,55.905388
61.0,69.52646
78.0,64.96697
87.0,83.03856
81.0,90.57659
75.0,81.103
75.0,73.95429
72.0,73.974785
71.0,71.97877
70.0,71.18885
60.0,69.96949
62.0,61.07206
67.0,64.03769
60.0,70.03453
69.0,62.781467
61.0,74.70956
60.0,62.243607
40.0,60.842766
47.0,39.763912
42.0,50.427353
40.0,45.888863
51.0,43.580887
46.0,56.400146
31.0,50.621777
32.0,34.356483
30.0,37.859913
25.0,35.012524
21.0,30.668852
31.0,27.034618
47.0,39.10956
44.0,53.65849
49.0,45.053814
52.0,51.635124
59.0,56.7963
54.0,63.7459
60.0,56.945053
65.0,63.20187
63.0,66.06168
62.0,65.60079
63.0,63.628006
63.0,65.03549
59.0,61.831356
54.0,57.467457
64.0,53.170574
68.0,67.10882
64.0,71.886
61.0,65.1234
62.0,63.09127
64.0,65.50036
68.0,67.62097
71.0,72.15845
70.0,73.98475
70.0,73.50017
79.0,71.13093
84.0,80.62296
83.0,84.24008
83.0,82.45953
74.0,83.20847
71.0,73.84771
47.0,70.29487
67.0,44.305286
81.0,70.05173
94.0,85.074356
67.0,96.80159
60.0,64.257355
52.0,58.85328
52.0,50.9473
48.000004,55.312233
38.0,51.243137
44.0,42.585
54.0,49.4066
54.0,62.021297
63.0,59.906185
103.0,70.5018
83.0,111.569046
80.0,84.01439
73.0,78.68884
76.0,71.41068
77.0,75.183716
79.0,74.412346
79.0,78.262825
63.0,78.2459
54.0,62.281006
51.0,52.837
46.0,53.294067
53.0,48.58265
48.000004,57.505627
40.0,51.26919
30.0,42.812683
21.0,31.85372
33.0,23.242434
35.0,39.12794
40.0,42.046112
43.0,46.9441
51.0,49.903343
60.0,57.7118
80.0,66.42499
57.0,86.49294
72.0,57.977467
54.0,76.76385
53.0,55.474163
55.0,55.774323
66.0,57.519283
61.0,71.2556
59.0,62.78303
62.0,60.653664
70.0,63.968784
75.0,73.46512
75.0,75.8705
67.0,76.805145
63.0,67.498314
64.0,62.97972
68.0,64.72499
68.0,70.63602
71.0,70.241295
67.0,73.9243
76.0,68.81799
70.0,80.192154
69.0,72.720825
66.0,73.332405
73.0,71.075386
75.0,78.171844
81.0,78.2969
84.0,84.559616
97.0,85.47581
101.0,98.46969
97.0,99.23802
95.0,93.80744
94.0,91.01334
91.0,92.07967
90.0,87.69873
87.0,87.0119
89.0,84.68124
96.00001,89.823395
109.0,97.11687
78.0,109.65679
62.0,73.56568
63.0,58.123615
56.0,62.889454
53.0,56.910065
70.0,55.171387
62.0,75.89287
62.0,66.40356
63.0,66.06653
55.0,67.671265
52.0,60.35194
48.000004,57.13662
58.0,51.667976
58.0,62.452244
62.0,61.545055
75.0,63.895714
84.0,77.92849
80.0,84.49392
78.0,77.83922
58.0,74.98215
61.0,54.273697
66.0,60.16171
56.0,68.238434
63.0,57.22141
83.0,65.21917
83.0,87.7379
79.0,83.895615
86.0,79.3686
93.0,86.136986
81.0,94.589424
71.0,79.1903
69.0,69.529655
74.0,69.97109
77.0,75.734924
80.0,79.66916
72.0,82.894745
68.0,72.69041
66.0,67.69982
59.0,65.20584
59.0,58.07719
47.0,57.017258
42.0,44.444103
42.0,41.203808
41.0,44.44741
34.0,44.18367
31.0,35.31779
53.0,34.77549
59.0,57.568546
81.0,63.601765
74.0,84.00696
145.0,73.44474
95.0,148.89624
69.0,86.097046
58.0,60.04882
57.0,53.023483
50.0,58.142536
57.0,48.88364
46.0,60.02238
38.0,46.655254
72.0,41.565178
122.0,76.75972
87.0,129.10178
71.0,80.64848
59.0,62.940155
47.0,53.168243
36.0,42.783253
30.0,31.723906
23.0,28.606527
20.0,23.716465
20.0,22.351341
80.0,23.44575
81.0,92.905396
83.0,86.70672
81.0,85.25347
83.0,80.9463
86.0,82.687386
88.0,84.90587
97.0,87.55076
95.0,96.77485
91.0,94.222916
89.0,87.46699
75.0,86.783356
79.0,71.44439
68.0,78.53588
61.0,67.75272
54.0,61.174725
53.0,55.610317
48.000004,53.87982
37.0,51.936485
31.0,41.17366
30.0,35.5496
42.0,35.038807
55.0,47.52831
97.0,61.169598
122.0,104.710976
122.0,126.72147
98.0,120.33363
84.0,92.946686
71.0,80.39691
80.0,68.97213
79.0,81.67257
79.0,80.25853
76.0,80.35175
72.0,76.66044
64.0,71.81133
58.0,64.023026
56.0,58.984158
55.0,58.62486
54.0,59.21154
52.0,56.3497
54.0,54.90337
53.0,58.46925
52.0,58.060375
53.0,55.77142
56.0,57.813423
57.0,60.90028
59.0,59.745
77.0,61.538795
78.0,80.09708
86.0,79.74553
87.0,87.32269
90.0,88.6851
105.0,91.28796
111.0,107.9263
98.0,113.85527
101.0,96.28438
113.0,99.94346
93.0,112.562874
88.0,88.92789
94.0,84.80123
93.0,92.515564
85.0,91.472115
81.0,81.97129
74.0,79.58557
61.0,74.46017
65.0,61.44235
60.0,68.83485
52.0,65.37634
41.0,56.28003
37.0,43.272316
53.0,41.371983
56.0,60.302567
59.0,62.00782
65.0,63.191048
113.0,70.340416
136.0,122.28765
110.0,140.92537
91.0,106.58252
90.0,85.829155
89.0,90.10951
86.0,89.35864
83.0,85.34232
79.0,80.846375
74.0,77.23462
67.0,72.82001
59.0,66.756615
58.0,61.23216
54.0,61.592793
59.0,57.284756
43.0,63.60837
38.0,46.930836
51.0,43.35505
52.0,58.272503
61.0,58.149536
79.0,64.201225
97.0,84.48339
109.0,100.991165
96.00001,112.0239
88.0,93.11906
92.0,85.3129
87.0,92.68425
80.0,86.61696
71.0,80.27154
72.0,72.09634
71.0,74.433136
79.0,73.52524
85.0,80.483116
90.0,86.40436
87.0,89.84515
68.0,87.04942
58.0,66.55789
56.0,56.792572
47.0,55.817406
48.000004,48.98458
55.0,52.326397
58.0,60.39385
59.0,62.710022
66.0,61.883156
72.0,69.90406
71.0,73.996635
65.0,71.42027
65.0,63.107403
68.0,66.452896
66.0,70.5604
68.0,67.53748
71.0,70.66916
70.0,74.40765
72.0,71.5839
74.0,72.518196
75.0,74.61917
78.0,74.22617
70.0,77.0994
66.0,67.183784
55.0,63.254128
50.0,51.623837
54.0,48.041542
54.0,56.756165
62.0,56.91888
67.0,65.81053
89.0,69.26725
93.0,92.21717
93.0,93.25972
89.0,92.74548
91.0,88.192696
90.0,90.18261
101.0,88.575035
110.0,100.63622
121.0,109.48355
108.0,120.57018
120.0,103.436516
107.0,118.36399
89.0,102.17157
81.0,84.64368
82.0,77.931816
83.0,81.21122
81.0,82.26984
66.0,79.5219
58.0,63.865887
58.0,58.408882
62.0,60.01981
56.0,66.336266
61.0,60.24575
77.0,65.387535
88.0,81.67284
76.0,91.757454
83.0,75.9377
80.0,83.8979
71.0,80.18411
64.0,71.0159
64.0,64.318726
73.0,67.632965
71.0,77.61055
70.0,74.28588
65.0,72.97233
66.0,68.404915
79.0,68.858826
65.0,82.403496
66.0,65.16223
64.0,65.34907
59.0,63.37306
56.0,57.497154
54.0,54.926315
58.0,54.352577
46.0,58.558163
44.0,45.947712
51.0,44.230457
51.0,55.60734
57.0,54.712563
56.0,60.210365
60.0,58.118122
59.0,60.035904
55.0,58.742733
50.0,53.229805
40.0,49.61475
28.0,39.906647
22.0,29.600515
21.0,26.755074
23.0,27.29532
26.0,30.360344
46.0,33.336754
60.0,54.897354
63.0,66.99835
62.0,65.59887
60.0,61.882317
71.0,58.42843
80.0,70.82988
77.0,79.76067
69.0,74.54358
63.0,65.80617
60.0,61.487682
63.0,62.312996
61.0,65.394455
61.0,63.59318
65.0,62.762512
58.0,66.19795
60.0,59.18304
55.0,62.86741
63.0,59.095615
80.0,67.034195
87.0,85.4947
91.0,90.938835
103.0,93.4618
106.0,106.18673
99.0,106.81366
98.0,98.05533
99.0,96.158745
93.0,98.57899
77.0,88.38919
78.0,70.189705
78.0,74.12238
72.0,75.73312
64.0,68.492546
60.0,61.911354
58.0,59.82365
55.0,60.000458
60.0,57.651962
63.0,62.448692
67.0,64.3734
62.0,67.07874
60.0,61.950478
60.0,61.83056
63.0,62.23201
62.0,65.93407
59.0,64.29068
54.0,62.15096
59.0,57.047714
73.0,63.6734
75.0,77.95239
78.0,78.279076
80.0,79.91069
73.0,80.89166
68.0,73.04
65.0,67.49401
63.0,67.97574
62.0,65.5093
60.0,64.39493
59.0,59.55835
61.0,60.770348
58.0,64.49381
54.0,60.73611
61.0,56.70515
63.0,62.71978
67.0,66.3642
66.0,68.753296
70.0,67.09303
64.0,70.999504
72.0,65.607475
73.0,75.814415
77.0,76.62696
86.0,80.70266
111.0,89.8966
142.0,115.885544
154.0,145.03581
152.0,153.07845
131.0,146.16248
122.0,122.34284
101.0,113.27626
91.0,92.50128
77.0,84.93669
72.0,73.14089
67.0,71.649704
61.0,66.42327
59.0,64.57717
61.0,63.3675
65.0,65.955605
61.0,69.14388
67.0,63.11286
59.0,70.72467
68.0,61.456635
78.0,71.19188
80.0,79.3535
81.0,79.98841
71.0,79.408714
75.0,68.98223
76.0,75.055626
70.0,77.51635
71.0,70.01531
74.0,72.27316
71.0,74.85392
59.0,71.51389
50.0,59.40127
52.0,50.991276
61.0,54.413498
62.0,63.516937
69.0,64.5756
58.0,71.39201
80.0,58.954704
68.0,83.22128
72.0,68.888084
89.0,73.88768
66.0,92.70464
69.0,66.313515
95.0,69.89481
101.0,99.91486
92.0,101.84847
85.0,89.33049
81.0,81.733795
79.0,79.218376
79.0,78.9057
75.0,78.63372
72.0,75.42478
68.0,70.91899
69.0,68.46654
62.0,71.41551
57.0,64.553604
55.0,59.77356
70.0,57.305344
72.0,73.73738
77.0,73.423004
67.0,77.62774
74.0,66.00132
64.0,75.48048
70.0,64.643456
71.0,72.210175
80.0,73.28382
85.0,82.8866
77.0,86.12614
65.0,76.59308
63.0,62.751877
50.0,62.523487
41.0,47.887344
50.0,37.906513
53.0,48.460503
33.0,52.91757
25.0,31.571247
33.0,26.383158
33.0,37.03415
52.0,38.748863
51.0,58.58795
57.0,55.621403
57.0,60.337097
62.0,58.42174
63.0,65.107925
61.0,65.50129
59.0,62.354866
93.0,58.949623
122.0,98.18494
111.0,126.58729
113.0,109.85398
114.0,111.370445
112.0,113.02035
96.00001,109.46001
108.0,93.22004
137.0,105.77542
133.0,138.04634
125.0,129.23083
121.0,119.31695
102.0,118.40227
84.0,98.60808
92.0,80.90319
94.0,92.0365
102.0,95.23325
130.0,102.518654
127.0,131.74915
111.0,125.77602
115.0,105.866264
107.0,110.95425
102.0,102.48843
101.0,97.66431
113.0,98.21682
89.0,113.30294
85.0,87.03358
74.0,84.33733
80.0,75.011024
73.0,84.472084
84.0,75.04039
90.0,87.40336
94.0,91.10557
80.0,93.01746
71.0,74.99715
61.0,67.74905
56.0,58.590374
52.0,55.017586
51.0,51.824707
59.0,52.60333
63.0,62.695374
66.0,67.38673
63.0,68.527985
57.0,64.38594
54.0,57.088425
56.0,54.01599
68.0,58.016006
68.0,72.75002
62.0,71.132935
79.0,65.29131
78.0,83.7719
85.0,82.2525
100.0,88.344894
104.0,103.15071
93.0,105.26072
95.0,90.86925
103.0,94.01353
95.0,102.56687
94.0,93.17491
93.0,90.308395
93.0,91.11908
93.0,91.91787
79.0,92.045204
56.0,76.25249
56.0,55.173542
55.0,56.160206
52.0,58.580696
49.0,53.96345
79.0,50.25702
68.0,84.189354
68.0,67.962555
71.0,69.23949
64.0,71.6066
59.0,65.30766
68.0,59.40571
68.0,70.32253
68.0,69.25175
75.0,70.02511
77.0,77.180084
76.0,81.06363
75.0,78.59528
65.0,75.34585
57.0,62.706703
53.0,55.33384
48.000004,52.38741
47.0,48.031307
48.000004,48.63579
52.0,49.04262
48.000004,57.314842
55.0,52.819855
50.0,58.990128
54.0,51.968033
61.0,56.13516
55.0,64.02012
53.0,55.822926
55.0,55.417286
57.0,58.752438
65.0,59.916584
67.0,69.93151
97.0,70.35465
92.0,103.335106
138.0,95.18476
152.0,142.89673
134.0,152.12555
108.0,127.021225
85.0,97.64527
75.0,75.2962
70.0,68.215645
65.0,66.78505
59.0,62.50083
56.0,60.334755
55.0,58.793724
59.0,58.730663
69.0,65.06174
61.0,74.42186
62.0,63.45238
66.0,62.486073
59.0,67.749504
70.0,61.379486
61.0,74.157166
76.0,63.706696
80.0,79.96935
88.0,84.63148
79.0,92.24296
73.0,80.48558
77.0,74.27733
79.0,78.93348
92.0,81.357025
93.0,94.09332
92.0,93.118805
84.0,90.49951
80.0,83.39611
79.0,79.774956
81.0,80.26113
62.0,82.035324
55.0,61.26757
59.0,54.537273
58.0,63.791256
59.0,61.524914
75.0,61.477898
76.0,79.28091
97.0,78.77286
84.0,101.973236
107.0,83.77834
98.0,108.49143
88.0,96.354225
77.0,85.62523
91.0,76.50535
107.0,94.55141
106.0,111.51474
103.0,107.34511
88.0,101.77106
78.0,87.66187
76.0,76.112144
70.0,74.68222
66.0,68.88666
63.0,64.0952
56.0,62.462337
58.0,55.817524
56.0,59.78414
56.0,58.917835
57.0,58.238686
65.0,60.758286
75.0,66.2919
72.0,77.56003
72.0,72.493164
81.0,72.44392
72.0,82.10827
78.0,69.73964
80.0,78.83504
92.0,82.03385
103.0,95.5138
115.0,105.57124
110.0,117.210205
103.0,108.29735
117.0,101.125534
93.0,116.86265
80.0,88.81795
73.0,74.81467
69.0,68.02231
75.0,65.56915
65.0,72.67312
65.0,61.164654
50.0,63.466373
56.0,50.765503
67.0,58.559002
86.0,72.33354
88.0,91.446724
83.0,91.07315
66.0,83.613945
78.0,64.97731
64.0,81.13124
65.0,64.48662
87.0,68.209045
70.0,92.55107
74.0,72.936806
92.0,77.43683
121.0,97.99276
140.0,125.75944
143.0,142.71432
117.0,140.12738
125.0,109.14886
110.0,119.87765
102.0,103.47689
91.0,96.403244
94.0,85.26799
100.0,90.52651
80.0,99.32334
83.0,80.89477
73.0,83.680305
82.0,75.67878
89.0,83.90287
106.0,91.61334
129.0,108.67658
130.0,131.87413
120.0,129.73946
112.0,115.889824
99.0,108.86869
89.0,95.14742
106.0,86.790504
124.0,107.97497
126.0,127.25924
129.0,125.18064
130.0,125.89146
115.0,126.24776
114.0,109.7478
96.00001,110.096
88.0,90.54095
80.0,85.36756
72.0,76.84993
59.0,71.188644
59.0,60.17346
68.0,64.032906
83.0,73.964645
94.0,88.903885
96.00001,98.99026
83.0,96.03541
90.0,82.29589
159.0,89.52826
157.0,165.68883
155.0,155.25854
152.0,149.18184
154.0,147.23569
136.0,149.45598
121.0,129.06105
112.0,114.67382
117.0,107.68385
94.0,115.26845
77.0,87.61754
74.0,73.09059
76.0,73.18634
77.0,78.10981
93.0,80.17223
86.0,97.86587
84.0,87.97339
96.00001,83.99182
96.00001,98.21673
87.0,97.90713
74.0,87.24359
67.0,71.60285
75.0,63.658985
68.0,76.13959
68.0,68.42929
73.0,69.427666
62.0,75.26202
74.0,63.494076
80.0,77.425995
93.0,84.79484
103.0,97.915184
94.0,106.68212
97.0,93.964775
106.0,97.3864
153.0,107.08564
152.0,155.405
153.0,148.17175
153.0,146.07156
154.0,146.22467
156.0,147.79185
123.0,150.67616
114.0,113.73829
83.0,108.89782
81.0,79.09167
88.0,79.13859
85.0,88.130646
92.0,84.12986
83.0,93.51174
81.0,83.83045
81.0,81.87982
102.0,81.88026
129.0,105.48832
152.0,134.08974
154.0,154.10567
157.0,152.09087
166.0,154.20567
167.0,162.2966
156.0,161.3049
135.0,148.39624
132.0,126.94032
115.0,124.632484
106.0,107.587395
87.0,100.1727
73.0,83.64086
62.0,70.37337
59.0,61.22989
67.0,60.756737
62.0,70.6662
55.0,66.73379
60.0,55.555134
65.0,62.090637
56.0,67.541016
60.0,56.45248
75.0,61.589027
55.0,77.652245
61.0,55.214436
71.0,63.092342
96.00001,75.242134
76.0,99.04409
66.0,73.18566
63.0,63.456566
69.0,62.010532
61.0,69.53903
62.0,57.725544
65.0,61.728706
66.0,63.930805
57.0,65.933014
57.0,54.483356
61.0,57.66053
56.0,61.248745
53.0,58.80473
66.0,54.493477
77.0,70.19413
72.0,79.840744
74.0,71.192474
68.0,74.28013
64.0,67.508446
72.0,65.97195
84.0,74.979576
107.0,88.13303
112.0,111.29708
107.0,112.92497
117.0,106.72128
123.0,118.4073
136.0,123.40324
150.0,135.08658
130.0,147.92465
108.0,123.706924
93.0,100.057236
87.0,86.98017
97.0,82.318825
77.0,95.425766
75.0,72.6294
80.0,74.0783
99.0,82.579124
107.0,103.447266
107.0,109.78863
119.0,107.29847
128.0,117.47883
111.0,127.73069
109.0,106.32487
74.0,106.127426
72.0,68.89465
76.0,72.1214
104.0,79.14868
139.0,110.02638
137.0,144.9461
113.0,137.85226
103.0,108.91784
109.0,101.60364
108.0,108.56693
92.0,106.066444
88.0,87.68048
86.0,84.31059
92.0,84.37969
105.0,91.94801
110.0,106.357925
105.0,110.04441
85.0,104.04839
87.0,81.54056
90.0,87.4143
93.0,89.163086
88.0,91.69492
97.0,85.94439
113.0,98.57295
104.0,115.47396
108.0,103.00877
133.0,107.95802
109.0,135.20801
91.0,105.09849
94.0,86.88086
87.0,93.91416
89.0,87.75028
78.0,90.14444
89.0,78.02521
103.0,90.728226
97.0,104.750336
95.0,95.6518
94.0,94.38634
99.0,93.51837
84.0,98.40747
75.0,80.956314
68.0,73.439415
74.0,68.312675
85.0,76.045784
89.0,87.083786
75.0,90.17228
61.0,73.78429
55.0,59.238697
64.0,56.799717
63.0,69.08461
68.0,67.80791
71.0,72.55615
92.0,75.210976
86.0,98.52589
92.0,89.47001
103.0,94.635506
95.0,104.636086
88.0,94.28763
91.0,84.997734
93.0,91.02283
94.0,92.87032
95.0,93.08697
90.0,92.54831
90.0,89.5904
90.0,90.57782
92.0,91.03179
98.0,92.16318
96.00001,97.89377
80.0,93.93292
66.0,75.13037
71.0,62.327835
63.0,70.735405
64.0,63.570843
54.0,64.357414
61.0,55.246624
85.0,64.1606
67.0,90.66828
72.0,69.23303
104.0,74.453865
91.0,109.659645
86.0,91.35025
77.0,84.05007
83.0,75.84795
81.0,82.377815
81.0,80.33909
70.0,78.74729
66.0,67.8088
81.0,65.49328
69.0,81.227135
71.0,67.78054
70.0,70.05656
76.0,69.68038
61.0,76.3903
55.0,60.116257
52.0,55.174606
55.0,52.598248
53.0,58.171806
58.0,54.92593
65.0,61.655766
70.0,69.394226
70.0,73.78624
77.0,72.9587
93.0,80.99486
92.0,96.90413
75.0,91.826775
74.0,72.07435
75.0,70.89527
66.0,71.68692
62.0,62.031185
53.0,59.520782
57.0,51.749477
67.0,57.861008
74.0,67.95431
92.0,75.38675
82.0,95.50109
80.0,84.09061
81.0,79.460526
75.0,80.82048
75.0,74.54972
76.0,76.02759
71.0,77.843445
54.0,70.65053
41.0,53.68466
56.0,42.094666
55.0,62.093044
71.0,60.067337
87.0,76.856
90.0,91.91813
87.0,91.8546
94.0,86.67684
91.0,94.548164
93.0,90.48665
94.0,92.24458
93.0,92.026
93.0,90.22717
83.0,91.15441
85.0,80.3012
104.0,84.62033
100.0,107.05832
83.0,98.40628
56.0,80.82207
52.0,53.27634
57.0,53.245853
45.0,60.538277
39.0,45.13003
32.0,39.82133
33.0,33.92461
52.0,37.544884
47.0,57.63646
53.0,51.162106
61.0,57.385696
77.0,65.02982
69.0,80.608086
69.0,68.95511
60.0,68.68418
55.0,58.857826
53.0,55.033817
40.0,52.678955
52.0,40.626225
49.0,55.740547
61.0,52.641785
59.0,65.80125
82.0,62.93296
92.0,86.80444
91.0,96.17344
73.0,92.08464
60.0,71.22858
58.0,57.73836
56.0,58.18714
62.0,58.763298
67.0,66.429184
103.0,73.424736
107.0,110.43946
99.0,110.043045
91.0,98.74521
107.0,91.15704
87.0,109.6051
92.0,85.63962
85.0,91.48737
81.0,83.10769
80.0,79.92607
78.0,78.76852
70.0,77.42274
75.0,68.765854
71.0,76.55455
74.0,72.09552
83.0,76.26962
83.0,85.024635
93.0,85.065186
94.0,94.32315
110.0,94.59972
105.0,110.78259
110.0,102.65311
105.0,108.416504
111.0,103.87038
99.0,112.61992
102.0,97.99435
93.0,103.57228
95.0,94.08732
98.0,98.45464
101.0,101.4149
101.0,104.7749
106.0,102.42558
115.0,106.44832
119.0,115.79991
116.0,118.959145
117.0,113.356865
107.0,115.4142
99.0,104.30065
118.0,97.4199
131.0,119.226875
134.0,131.87976
141.0,132.44707
106.0,138.04158
97.0,98.33779
87.0,91.08064
82.0,84.69888
91.0,81.98687
96.00001,93.25168
85.0,98.62089
79.0,85.77025
79.0,82.78746
92.0,84.54562
86.0,98.300156
92.0,87.53139
94.0,93.30617
98.0,94.855125
95.0,99.31502
97.0,96.02086
98.0,97.46055
91.0,96.56937
88.0,89.46203
86.0,86.556274
89.0,88.70163
93.0,90.33258
101.0,94.24723
91.0,103.256096
85.0,90.822426
86.0,84.99585
76.0,86.44236
81.0,77.317696
93.0,83.16069
94.0,97.72439
110.0,96.70535
111.0,113.64618
113.0,112.90379
101.0,113.87668
99.0,100.34777
99.0,99.2768
104.0,99.32334
110.0,104.542
103.0,110.53876
100.0,103.01861
96.00001,100.16518
100.0,96.19239
99.0,102.55975
102.0,101.15074
112.0,106.12167
119.0,114.404884
121.0,119.735954
123.0,120.4924
124.0,121.23794
114.0,121.626595
114.0,110.395096
116.0,111.56832
120.0,116.009056
125.0,123.19068
134.0,128.1638
131.0,136.32231
139.0,131.74402
94.0,140.1128
104.0,88.90839
116.0,105.20397
124.0,116.92081
118.0,122.03732
121.0,113.25453
123.0,118.16793
105.0,120.5699
85.0,100.08393
81.0,78.906204
73.0,77.619125
89.0,74.38897
94.0,93.533264
105.0,97.84549
96.00001,108.51274
82.0,93.870094
78.0,80.3354
89.0,78.42171
72.0,93.106544
80.0,72.65406
88.0,82.6977
93.0,91.815155
79.0,97.23931
89.0,81.30218
106.0,94.07745
100.0,110.879265
98.0,100.90521
104.0,96.82329
100.0,104.81417
103.0,99.22087
104.0,102.070915
105.0,101.78117
95.0,103.26357
95.0,93.29098
97.0,95.75305
108.0,98.56114
107.0,110.441
121.0,105.90586
120.0,120.91144
118.0,118.40497
133.0,115.70952
110.0,131.35321
85.0,105.584206
103.0,80.18475
137.0,106.10161
126.0,143.2356
153.0,126.91791
157.0,155.46985
162.0,157.4193
152.0,160.48904
135.0,147.9933
134.0,130.72197
139.0,131.00496
130.0,135.88553
126.0,124.8915
142.0,123.51187
153.0,140.68507
139.0,151.36494
127.0,132.96025
103.0,122.77232
99.0,97.96346
107.0,97.52284
113.0,106.74731
114.0,111.89371
117.0,112.30568
138.0,114.12308
120.0,137.77505
96.00001,115.72921
110.0,91.28808
92.0,111.4656
89.0,92.92878
74.0,89.34046
94.0,75.49512
108.0,99.873085
99.0,113.70443
107.0,99.89334
119.0,108.337776
126.0,121.25885
129.0,125.48523
131.0,127.80696
149.0,127.56331
140.0,148.10924
127.0,135.20624
106.0,121.16197
93.0,99.26338
117.0,89.565384
128.0,119.03312
130.0,129.09412
104.0,128.5663
84.0,99.82041
73.0,81.0868
70.0,74.1097
68.0,73.58184
63.0,71.68911
75.0,67.36401
81.0,80.91327
81.0,86.55665
87.0,84.29488
84.0,90.933426
93.0,85.934654
98.0,94.58362
100.0,97.71232
101.0,98.91053
102.0,99.75751
118.0,101.437836
113.0,118.55271
110.0,110.5723
108.0,107.641556
97.0,105.85352
71.0,95.46138
80.0,67.62867
75.0,80.03367
68.0,75.21948
75.0,68.43185
77.0,78.1538
68.0,81.26035
140.0,71.9932
161.0,151.32158
166.0,166.9229
169.00002,165.47273
155.0,166.3189
158.0,150.56126
155.0,153.20993
154.0,150.12321
142.0,148.21266
112.0,136.01216
96.00001,102.471306
84.0,90.84315
80.0,81.486145
81.0,80.402306
84.0,82.63655
90.0,87.34041
116.0,92.66989
136.0,121.172806
144.0,139.30925
123.0,142.14622
115.0,117.25679
97.0,108.67053
113.0,91.8999
108.0,112.10234
127.0,107.46346
129.0,128.52707
154.0,128.01152
143.0,156.62543
133.0,140.60178
151.0,130.31328
152.0,151.6816
151.0,151.42824
139.0,147.01913
146.0,133.6215
150.0,141.74088
152.0,146.67715
153.0,148.13298
149.0,148.72473
138.0,144.05063
134.0,132.76518
119.0,129.96368
121.0,114.117294
119.0,118.84266
91.0,115.768654
80.0,86.502556
77.0,77.4911
92.0,78.70171
70.0,96.459854
88.0,71.52474
115.0,92.567604
98.0,120.24679
70.0,99.08532
76.0,67.28588
78.0,78.337585
74.0,80.16806
75.0,73.80612
74.0,74.76123
68.0,74.00718
64.0,68.07893
63.0,63.107983
58.0,66.20565
58.0,62.101067
75.0,60.615837
87.0,78.81997
87.0,89.49162
88.0,87.050385
93.0,87.48967
105.0,93.65427
90.0,106.71876
75.0,87.125725
66.0,71.47823
57.0,64.909935
69.0,58.630352
58.0,73.975075
84.0,62.22276
82.0,91.309105
79.0,86.49909
67.0,80.42748
68.0,68.63449
93.0,71.489975
96.00001,97.17974
92.0,98.27321
90.0,90.75278
102.0,89.62277
95.0,103.54999
96.00001,95.889656
88.0,96.606125
89.0,87.66675
91.0,88.50967
94.0,89.370384
77.0,94.629425
68.0,75.32433
65.0,67.054474
75.0,64.7427
86.0,79.46595
86.0,89.70874
132.0,88.84601
156.0,138.22285
150.0,159.19711
127.0,147.08617
110.0,121.15537
111.0,106.0577
121.0,109.189
113.0,120.94182
91.0,109.61031
90.0,87.7239
89.0,89.5584
91.0,89.81576
106.0,93.06442
105.0,109.18279
92.0,104.94467
100.0,89.009026
98.0,99.514435
87.0,97.18504
92.0,83.80192
85.0,90.570625
76.0,81.84916
81.0,75.09201
69.0,81.080345
62.0,68.88797
77.0,63.659744
75.0,81.68636
64.0,79.252235
70.0,67.33147
74.0,74.34754
78.0,78.394035
93.0,82.117294
121.0,96.11443
109.0,124.2707
114.0,105.881615
116.0,110.51789
127.0,113.08089
114.0,125.78368
97.0,109.77524
96.00001,91.59158
75.0,93.272995
70.0,72.54478
63.0,68.66749
63.0,63.522606
71.0,63.6424
70.0,73.65803
79.0,71.835815
83.0,81.64501
81.0,85.73372
87.0,82.57254
79.0,90.14226
71.0,81.415764
96.00001,73.07717
95.0,101.462494
104.0,98.25124
108.0,105.87851
108.0,108.51768
122.0,106.676575
146.0,120.32081
152.0,145.77606
152.0,148.56087
134.0,146.86989
113.0,126.58647
88.0,106.11622
91.0,81.170044
84.0,87.94409
82.0,82.3097
74.0,80.64273
73.0,74.910965
77.0,75.15529
76.0,80.68603
108.0,80.32589
113.0,114.41305
104.0,116.8305
90.0,102.930756
74.0,89.02961
91.0,74.80495
99.0,96.108696
102.0,103.61696
113.0,103.389206
130.0,113.24472
117.0,129.82275
111.0,112.80082
86.0,106.47501
75.0,78.02153
68.0,68.59337
68.0,63.510506
68.0,66.37776
77.0,66.49955
69.0,76.049324
76.0,64.880226
71.0,74.97809
69.0,69.25194
77.0,66.53743
92.0,75.44626
107.0,95.45737
100.0,111.47217
98.0,101.45853
98.0,98.7792
109.0,99.21209
117.0,112.90886
127.0,119.24266
121.0,129.75739
125.0,119.937096
104.0,123.54739
86.0,99.35708
76.0,79.00546
67.0,71.747574
63.0,64.988365
50.0,61.66538
54.0,49.571724
54.0,54.878376
51.0,57.50596
58.0,53.86713
59.0,62.182922
60.0,61.50305
69.0,60.3535
68.0,71.05493
70.0,69.4292
70.0,72.325066
74.0,71.96121
72.0,76.81159
77.0,74.531685
85.0,80.1614
85.0,88.890465
93.0,87.61122
96.00001,94.03507
97.0,96.05956
100.0,95.794106
96.00001,98.345695
96.00001,92.279045
87.0,92.95626
83.0,83.65922
75.0,80.72149
79.0,73.55104
76.0,80.50083
82.0,78.14123
96.00001,84.962585
96.00001,100.20477
102.0,97.854576
81.0,102.76989
82.0,78.47371
68.0,81.45166
68.0,68.06427
70.0,70.11555
74.0,73.8835
76.0,78.75894
78.0,80.22616
89.0,83.027145
79.0,94.05062
73.0,81.632576
74.0,72.775566
88.0,72.914085
78.0,88.60201
78.0,75.86646
72.0,76.84476
69.0,70.85043
61.0,69.06144
56.0,61.437004
54.0,56.766933
64.0,56.467506
64.0,67.88538
68.0,66.41147
68.0,70.79411
103.0,70.32839
130.0,109.14816
120.0,134.48958
105.0,118.46082
90.0,99.966576
85.0,87.557144
90.0,84.94411
98.0,93.8803
95.0,101.77128
93.0,97.58839
92.0,94.353325
114.0,95.06126
139.0,118.90718
111.0,141.95525
90.0,104.51584
96.00001,83.872055
98.0,94.10268
100.0,96.529625
80.0,98.0454
83.0,76.41881
79.0,83.48624
86.0,80.13179
89.0,87.31896
83.0,91.09619
108.0,84.15979
95.0,110.43114
85.0,94.924164
84.0,83.29159
78.0,85.59052
72.0,80.51651
87.0,74.47461
76.0,92.30834
80.0,79.17326
89.0,83.95244
97.0,93.46818
118.0,101.71111
138.0,122.44009
147.0,138.31567
154.0,143.07483
156.0,149.33546
136.0,149.61569
120.0,128.42381
92.0,110.77861
72.0,83.11228
68.0,66.422935
75.0,68.041374
85.0,78.067
80.0,87.582504
81.0,81.06959
106.0,81.99145
86.0,110.96107
99.0,86.88801
122.0,100.83665
114.0,126.86494
112.0,115.188995
139.0,111.607216
123.0,142.38348
110.0,121.55258
97.0,107.958435
124.0,94.95774
110.0,125.52282
108.0,105.94596
93.0,103.39665
98.0,89.54607
102.0,98.60588
112.0,102.2653
113.0,112.318375
111.0,112.0239
103.0,111.08851
91.0,99.61757
78.0,87.45448
78.0,75.255135
76.0,75.92539
75.0,75.774185
79.0,75.024124
66.0,80.149
64.0,66.98123
62.0,67.949165
72.0,67.03249
73.0,78.5232
90.0,78.56932
90.0,96.06883
154.0,93.03147
155.0,160.96573
155.0,153.44077
152.0,148.82971
146.0,144.04848
135.0,139.22878
130.0,126.74521
122.0,123.43112
137.0,115.1594
110.0,134.20355
95.0,102.5414
92.0,92.22899
100.0,93.90853
93.0,103.40312
75.0,92.870186
73.0,73.13022
72.0,73.48322
80.0,75.97151
80.0,84.6333
87.0,83.824615
95.0,89.94446
76.0,97.66048
79.0,76.18431
95.0,81.11348
120.0,99.1123
117.0,123.58054
105.0,114.95597
101.0,101.14805
97.0,98.291405
96.00001,95.20622
96.00001,93.31582
75.0,94.28537
65.0,71.61636
60.0,63.464737
65.0,62.429756
68.0,69.375496
59.0,72.77141
61.0,60.712685
93.0,63.653843
79.0,100.04646
93.0,81.125755
116.0,95.6532
139.0,119.00956
116.0,141.24309
115.0,113.19487
116.0,112.638275
156.0,115.51136
129.0,159.18593
117.0,122.26708
112.0,110.91479
97.0,106.54938
85.0,92.21662
86.0,79.07746
85.0,83.91269
85.0,80.216675
72.0,82.964035
63.0,68.22434
61.0,62.384804
68.0,63.599686
77.0,72.79919
85.0,80.59547
89.0,87.69677
77.0,89.589554
73.0,77.18797
63.0,73.29517
55.0,62.777397
55.0,55.675404
50.0,58.116577
45.0,54.254288
41.0,48.88293
33.0,45.735165
52.0,36.807446
60.0,59.0235
54.0,66.41935
57.0,55.447453
59.0,58.395866
59.0,60.47457
50.0,59.678238
45.0,48.752316
53.0,43.802727
58.0,56.12363
59.0,60.567787
70.0,61.494503
65.0,73.76243
63.0,66.85893
62.0,63.698048
59.0,61.79211
62.0,58.27783
73.0,61.98224
54.0,75.403366
52.0,54.2119
56.0,54.3212
52.0,59.832092
58.0,56.625935
60.0,64.17338
70.0,66.11911
71.0,74.66675
66.0,74.00868
79.0,66.07455
74.0,80.81742
73.0,73.90779
64.0,72.11979
59.0,63.34112
59.0,59.009205
56.0,60.464516
68.0,58.14737
68.0,72.12159
69.0,70.44896
76.0,70.06653
83.0,78.111694
78.0,84.336815
72.0,77.921265
